-- eSlate SQLite dump (generated by api/database/dump-to-sql.php)
-- Generated: 2026-05-20T23:28:28+00:00
-- Restore with: sqlite3 database.sqlite < dump.sql

PRAGMA foreign_keys=OFF;
BEGIN TRANSACTION;

-- ============================ SCHEMA ============================

DROP table IF EXISTS "academic_terms";
CREATE TABLE "academic_terms" ("id" integer primary key autoincrement not null, "academic_year_id" integer not null, "term_number" integer not null, "name" varchar not null, "start_date" date not null, "end_date" date not null, "is_manually_edited" tinyint(1) not null default '0', "created_at" datetime, "updated_at" datetime, foreign key("academic_year_id") references "academic_years"("id") on delete cascade);

DROP table IF EXISTS "academic_years";
CREATE TABLE "academic_years" ("id" integer primary key autoincrement not null, "business_id" integer not null, "state_code" varchar not null, "year" integer not null, "pack_version" varchar, "status" varchar not null default 'draft', "start_date" date not null, "end_date" date not null, "created_at" datetime, "updated_at" datetime, foreign key("business_id") references "businesses"("id") on delete cascade);

DROP table IF EXISTS "assignment_students";
CREATE TABLE "assignment_students" ("assignment_id" integer not null, "student_id" integer not null, "created_at" datetime, "updated_at" datetime, foreign key("assignment_id") references "assignments"("id") on delete cascade, foreign key("student_id") references "students"("id") on delete cascade, primary key ("assignment_id", "student_id"));

DROP table IF EXISTS "assignments";
CREATE TABLE "assignments" ("id" integer primary key autoincrement not null, "business_id" integer not null, "tutor_id" integer not null, "class_id" integer, "week_id" integer, "title" varchar not null, "description" text, "pdf_path" varchar not null, "pdf_original_name" varchar not null, "due_date" date, "status" varchar not null default ('draft'), "created_at" datetime, "updated_at" datetime, "course_offering_id" integer, "course_component_id" integer, foreign key("week_id") references weeks("id") on delete set null on update no action, foreign key("class_id") references classes("id") on delete cascade on update no action, foreign key("tutor_id") references tutors("id") on delete cascade on update no action, foreign key("business_id") references businesses("id") on delete cascade on update no action, foreign key("course_offering_id") references "course_offerings"("id") on delete set null, foreign key("course_component_id") references "course_components"("id") on delete set null);

DROP table IF EXISTS "audit_log";
CREATE TABLE "audit_log" ("id" integer primary key autoincrement not null, "business_id" integer, "actor_user_id" integer, "event" varchar not null, "entity_type" varchar, "entity_id" integer, "payload" text, "occurred_at" datetime not null default CURRENT_TIMESTAMP, "created_at" datetime, "updated_at" datetime, foreign key("business_id") references "businesses"("id") on delete cascade, foreign key("actor_user_id") references "users"("id") on delete set null);

DROP table IF EXISTS "business_subjects";
CREATE TABLE "business_subjects" ("id" integer primary key autoincrement not null, "business_id" integer not null, "subject_id" integer, "name" varchar, "name_normalized" varchar, "year_levels" text, "is_active" tinyint(1) not null default '1', "created_at" datetime, "updated_at" datetime, foreign key("business_id") references "businesses"("id") on delete cascade, foreign key("subject_id") references "subjects"("id") on delete cascade);

DROP table IF EXISTS "businesses";
CREATE TABLE "businesses" ("id" integer primary key autoincrement not null, "type" varchar not null, "name" varchar not null, "legal_name" varchar, "logo" varchar, "abn" varchar, "state_code" varchar not null, "timezone" varchar not null default 'Australia/Sydney', "currency" varchar not null default 'AUD', "tier" varchar not null default 'individual', "pack_version" varchar, "owner_user_id" integer, "created_at" datetime, "updated_at" datetime, foreign key("owner_user_id") references "users"("id") on delete set null);

DROP table IF EXISTS "cache";
CREATE TABLE "cache" ("key" varchar not null, "value" text not null, "expiration" integer not null, primary key ("key"));

DROP table IF EXISTS "cache_locks";
CREATE TABLE "cache_locks" ("key" varchar not null, "owner" varchar not null, "expiration" integer not null, primary key ("key"));

DROP table IF EXISTS "class_terms";
CREATE TABLE "class_terms" ("id" integer primary key autoincrement not null, "class_id" integer not null, "academic_term_id" integer not null, "created_at" datetime, "updated_at" datetime, foreign key("class_id") references "classes"("id") on delete cascade, foreign key("academic_term_id") references "academic_terms"("id") on delete cascade);

DROP table IF EXISTS "classes";
CREATE TABLE "classes" ("id" integer primary key autoincrement not null, "business_id" integer not null, "tutor_id" integer, "academic_year_id" integer not null, "year_group_id" integer not null, "subject_id" integer not null, "name" varchar not null, "created_at" datetime, "updated_at" datetime, "course_offering_id" integer, "course_id" integer, "starts_on" date, "ends_on" date, "capacity" integer, "status" varchar not null default ('draft'), "description" text, "level" varchar, "schedule_day_of_week" integer, "schedule_start_time" time, "schedule_end_time" time, "location" varchar, foreign key("course_id") references courses("id") on delete set null on update no action, foreign key("subject_id") references subjects("id") on delete restrict on update no action, foreign key("year_group_id") references year_groups("id") on delete restrict on update no action, foreign key("academic_year_id") references academic_years("id") on delete cascade on update no action, foreign key("tutor_id") references tutors("id") on delete cascade on update no action, foreign key("business_id") references businesses("id") on delete cascade on update no action, foreign key("course_offering_id") references course_offerings("id") on delete set null on update no action);

DROP table IF EXISTS "course_components";
CREATE TABLE "course_components" ("id" integer primary key autoincrement not null, "course_template_id" integer not null, "code" varchar not null, "name" varchar not null, "weight_pct" numeric, "duration_minutes" integer, "question_count" integer, "question_format" varchar not null, "sort_order" integer not null, "pack_version" varchar not null, "created_at" datetime, "updated_at" datetime, foreign key("course_template_id") references "course_templates"("id") on delete cascade);

DROP table IF EXISTS "course_offerings";
CREATE TABLE "course_offerings" ("id" integer primary key autoincrement not null, "business_id" integer not null, "course_template_id" integer, "tutor_id" integer not null, "academic_year_id" integer, "created_by_user_id" integer not null, "name" varchar not null, "target_test_date" date, "starts_on" date not null, "ends_on" date not null, "capacity" integer, "status" varchar not null default ('draft'), "notes" text, "created_at" datetime, "updated_at" datetime, "description" text, "course_id" integer, "year_group_id" integer, "subject_id" integer, "level" varchar, foreign key("business_id") references businesses("id") on delete cascade on update no action, foreign key("course_template_id") references course_templates("id") on delete no action on update no action, foreign key("tutor_id") references tutors("id") on delete cascade on update no action, foreign key("academic_year_id") references academic_years("id") on delete set null on update no action, foreign key("created_by_user_id") references users("id") on delete no action on update no action, foreign key("course_id") references "courses"("id") on delete set null, foreign key("year_group_id") references "year_groups"("id") on delete set null, foreign key("subject_id") references "subjects"("id") on delete set null);

DROP table IF EXISTS "course_templates";
CREATE TABLE "course_templates" ("id" integer primary key autoincrement not null, "state_code" varchar not null, "year_group_code" varchar not null, "kind" varchar not null, "test_alignment" varchar, "code" varchar not null, "name" varchar not null, "short_name" varchar not null, "description" text, "sort_order" integer not null, "pack_version" varchar not null, "is_active" tinyint(1) not null default '1', "created_at" datetime, "updated_at" datetime);

DROP table IF EXISTS "courses";
CREATE TABLE "courses" ("id" integer primary key autoincrement not null, "business_id" integer not null, "name" varchar not null, "description" text, "created_at" datetime, "updated_at" datetime, foreign key("business_id") references "businesses"("id") on delete cascade);

DROP table IF EXISTS "failed_jobs";
CREATE TABLE "failed_jobs" ("id" integer primary key autoincrement not null, "uuid" varchar not null, "connection" text not null, "queue" text not null, "payload" text not null, "exception" text not null, "failed_at" datetime not null default CURRENT_TIMESTAMP);

DROP table IF EXISTS "invitations";
CREATE TABLE "invitations" ("id" integer primary key autoincrement not null, "kind" varchar not null, "business_id" integer not null, "email" varchar not null, "first_name" varchar, "last_name" varchar, "token" varchar not null, "expires_at" datetime not null, "accepted_at" datetime, "accepted_by_user_id" integer, "revoked_at" datetime, "created_at" datetime, "updated_at" datetime, foreign key("business_id") references "businesses"("id") on delete cascade, foreign key("accepted_by_user_id") references "users"("id") on delete set null);

DROP table IF EXISTS "job_batches";
CREATE TABLE "job_batches" ("id" varchar not null, "name" varchar not null, "total_jobs" integer not null, "pending_jobs" integer not null, "failed_jobs" integer not null, "failed_job_ids" text not null, "options" text, "cancelled_at" integer, "created_at" integer not null, "finished_at" integer, primary key ("id"));

DROP table IF EXISTS "jobs";
CREATE TABLE "jobs" ("id" integer primary key autoincrement not null, "queue" varchar not null, "payload" text not null, "attempts" integer not null, "reserved_at" integer, "available_at" integer not null, "created_at" integer not null);

DROP table IF EXISTS "migrations";
CREATE TABLE "migrations" ("id" integer primary key autoincrement not null, "migration" varchar not null, "batch" integer not null);

DROP table IF EXISTS "offering_enrolments";
CREATE TABLE "offering_enrolments" ("id" integer primary key autoincrement not null, "business_id" integer not null, "course_offering_id" integer not null, "student_id" integer not null, "status" varchar not null, "enrolled_at" datetime not null, "withdrew_at" datetime, "completed_at" datetime, "notes" text, "created_at" datetime, "updated_at" datetime, foreign key("business_id") references "businesses"("id") on delete cascade, foreign key("course_offering_id") references "course_offerings"("id") on delete cascade, foreign key("student_id") references "students"("id") on delete cascade);

DROP table IF EXISTS "password_reset_tokens";
CREATE TABLE "password_reset_tokens" ("email" varchar not null, "token" varchar not null, "created_at" datetime, primary key ("email"));

DROP table IF EXISTS "personal_access_tokens";
CREATE TABLE "personal_access_tokens" ("id" integer primary key autoincrement not null, "tokenable_type" varchar not null, "tokenable_id" integer not null, "name" text not null, "token" varchar not null, "abilities" text, "last_used_at" datetime, "expires_at" datetime, "created_at" datetime, "updated_at" datetime);

DROP table IF EXISTS "sessions";
CREATE TABLE "sessions" ("id" varchar not null, "user_id" integer, "ip_address" varchar, "user_agent" text, "payload" text not null, "last_activity" integer not null, primary key ("id"));

DROP table IF EXISTS "student_class_assignments";
CREATE TABLE "student_class_assignments" ("student_id" integer not null, "class_id" integer not null, "enrolled_at" datetime not null default CURRENT_TIMESTAMP, "created_at" datetime, "updated_at" datetime, foreign key("student_id") references "students"("id") on delete cascade, foreign key("class_id") references "classes"("id") on delete cascade, primary key ("student_id", "class_id"));

DROP table IF EXISTS "student_parents";
CREATE TABLE "student_parents" ("id" integer primary key autoincrement not null, "student_id" integer not null, "name" varchar not null, "relationship" varchar, "email" varchar, "phone" varchar, "is_primary" tinyint(1) not null default '0', "created_at" datetime, "updated_at" datetime, foreign key("student_id") references "students"("id") on delete cascade);

DROP table IF EXISTS "student_tutors";
CREATE TABLE "student_tutors" ("id" integer primary key autoincrement not null, "business_id" integer not null, "student_id" integer not null, "tutor_id" integer not null, "subject_id" integer not null, "is_primary" tinyint(1) not null default '0', "started_at" date not null, "ended_at" date, "created_at" datetime, "updated_at" datetime, foreign key("business_id") references "businesses"("id") on delete cascade, foreign key("student_id") references "students"("id") on delete cascade, foreign key("tutor_id") references "tutors"("id") on delete cascade, foreign key("subject_id") references "subjects"("id") on delete restrict);

DROP table IF EXISTS "students";
CREATE TABLE "students" ("id" integer primary key autoincrement not null, "business_id" integer not null, "user_id" integer, "first_name" varchar not null, "last_name" varchar not null, "date_of_birth" date, "year_group_code" varchar not null, "school" varchar, "learning_goals" text, "special_needs_notes" text, "status" varchar not null default 'active', "created_at" datetime, "updated_at" datetime, foreign key("business_id") references "businesses"("id") on delete cascade, foreign key("user_id") references "users"("id") on delete cascade);

DROP table IF EXISTS "subjects";
CREATE TABLE "subjects" ("id" integer primary key autoincrement not null, "state_code" varchar not null, "code" varchar not null, "name" varchar not null, "year_levels" text, "is_active" tinyint(1) not null default '1', "created_at" datetime, "updated_at" datetime);

DROP table IF EXISTS "submissions";
CREATE TABLE "submissions" ("id" integer primary key autoincrement not null, "assignment_id" integer not null, "student_id" integer not null, "status" varchar not null default 'draft', "annotated_pdf_path" varchar, "annotated_pdf_original_name" varchar, "submitted_at" datetime, "marked_at" datetime, "marked_by_tutor_id" integer, "mark_comment" text, "mark_score" numeric, "created_at" datetime, "updated_at" datetime, foreign key("assignment_id") references "assignments"("id") on delete cascade, foreign key("student_id") references "students"("id") on delete cascade, foreign key("marked_by_tutor_id") references "tutors"("id") on delete set null);

DROP table IF EXISTS "tutors";
CREATE TABLE "tutors" ("id" integer primary key autoincrement not null, "user_id" integer not null, "business_id" integer not null, "status" varchar not null default 'pending_compliance', "wwcc_number" text, "wwcc_expiry" date, "wwcc_state" varchar, "compliance_status" varchar not null default 'pending_compliance', "bio" text, "hourly_rate" numeric, "qualifications" text, "delivery_modes" text, "year_levels" text, "created_at" datetime, "updated_at" datetime, foreign key("user_id") references "users"("id") on delete cascade, foreign key("business_id") references "businesses"("id") on delete cascade);

DROP table IF EXISTS "users";
CREATE TABLE "users" ("id" integer primary key autoincrement not null, "name" varchar not null, "email" varchar not null, "email_verified_at" datetime, "password" varchar not null, "remember_token" varchar, "created_at" datetime, "updated_at" datetime, "role" varchar not null default 'student');

DROP table IF EXISTS "waitlist";
CREATE TABLE "waitlist" ("id" integer primary key autoincrement not null, "email" varchar not null, "first_name" varchar, "last_name" varchar, "country" varchar not null default 'AU', "state" varchar not null, "intended_role" varchar, "notified_at" datetime, "created_at" datetime, "updated_at" datetime);

DROP table IF EXISTS "weeks";
CREATE TABLE "weeks" ("id" integer primary key autoincrement not null, "business_id" integer not null, "academic_term_id" integer not null, "week_number" integer not null, "start_date" date not null, "end_date" date not null, "is_partial" tinyint(1) not null default '0', "start_dow" integer, "public_holidays" text, "pupil_free_days" text, "notes" text, "created_at" datetime, "updated_at" datetime, foreign key("business_id") references "businesses"("id") on delete cascade, foreign key("academic_term_id") references "academic_terms"("id") on delete cascade);

DROP table IF EXISTS "year_groups";
CREATE TABLE "year_groups" ("id" integer primary key autoincrement not null, "state_code" varchar not null, "order" integer not null, "label" varchar not null, "code" varchar not null, "created_at" datetime, "updated_at" datetime);

DROP index IF EXISTS "academic_terms_academic_year_id_term_number_unique";
CREATE UNIQUE INDEX "academic_terms_academic_year_id_term_number_unique" on "academic_terms" ("academic_year_id", "term_number");

DROP index IF EXISTS "academic_years_business_id_index";
CREATE INDEX "academic_years_business_id_index" on "academic_years" ("business_id");

DROP index IF EXISTS "academic_years_business_id_year_unique";
CREATE UNIQUE INDEX "academic_years_business_id_year_unique" on "academic_years" ("business_id", "year");

DROP index IF EXISTS "academic_years_state_code_index";
CREATE INDEX "academic_years_state_code_index" on "academic_years" ("state_code");

DROP index IF EXISTS "assignment_students_student_id_index";
CREATE INDEX "assignment_students_student_id_index" on "assignment_students" ("student_id");

DROP index IF EXISTS "assignments_class_id_status_index";
CREATE INDEX "assignments_class_id_status_index" on "assignments" ("class_id", "status");

DROP index IF EXISTS "assignments_course_component_id_index";
CREATE INDEX "assignments_course_component_id_index" on "assignments" ("course_component_id");

DROP index IF EXISTS "assignments_course_offering_id_status_index";
CREATE INDEX "assignments_course_offering_id_status_index" on "assignments" ("course_offering_id", "status");

DROP index IF EXISTS "assignments_tutor_id_status_index";
CREATE INDEX "assignments_tutor_id_status_index" on "assignments" ("tutor_id", "status");

DROP index IF EXISTS "assignments_week_id_index";
CREATE INDEX "assignments_week_id_index" on "assignments" ("week_id");

DROP index IF EXISTS "audit_log_business_id_index";
CREATE INDEX "audit_log_business_id_index" on "audit_log" ("business_id");

DROP index IF EXISTS "audit_log_entity_type_entity_id_index";
CREATE INDEX "audit_log_entity_type_entity_id_index" on "audit_log" ("entity_type", "entity_id");

DROP index IF EXISTS "audit_log_event_index";
CREATE INDEX "audit_log_event_index" on "audit_log" ("event");

DROP index IF EXISTS "business_master_subject_unique";
CREATE UNIQUE INDEX "business_master_subject_unique" on "business_subjects" ("business_id", "subject_id");

DROP index IF EXISTS "business_subjects_business_id_index";
CREATE INDEX "business_subjects_business_id_index" on "business_subjects" ("business_id");

DROP index IF EXISTS "business_subjects_name_normalized_index";
CREATE INDEX "business_subjects_name_normalized_index" on "business_subjects" ("name_normalized");

DROP index IF EXISTS "business_subjects_subject_id_index";
CREATE INDEX "business_subjects_subject_id_index" on "business_subjects" ("subject_id");

DROP index IF EXISTS "businesses_owner_user_id_index";
CREATE INDEX "businesses_owner_user_id_index" on "businesses" ("owner_user_id");

DROP index IF EXISTS "businesses_state_code_index";
CREATE INDEX "businesses_state_code_index" on "businesses" ("state_code");

DROP index IF EXISTS "businesses_type_index";
CREATE INDEX "businesses_type_index" on "businesses" ("type");

DROP index IF EXISTS "cache_expiration_index";
CREATE INDEX "cache_expiration_index" on "cache" ("expiration");

DROP index IF EXISTS "cache_locks_expiration_index";
CREATE INDEX "cache_locks_expiration_index" on "cache_locks" ("expiration");

DROP index IF EXISTS "class_terms_academic_term_id_index";
CREATE INDEX "class_terms_academic_term_id_index" on "class_terms" ("academic_term_id");

DROP index IF EXISTS "class_terms_class_id_academic_term_id_unique";
CREATE UNIQUE INDEX "class_terms_class_id_academic_term_id_unique" on "class_terms" ("class_id", "academic_term_id");

DROP index IF EXISTS "classes_business_id_index";
CREATE INDEX "classes_business_id_index" on "classes" ("business_id");

DROP index IF EXISTS "classes_course_id_status_index";
CREATE INDEX "classes_course_id_status_index" on "classes" ("course_id", "status");

DROP index IF EXISTS "classes_course_offering_id_index";
CREATE INDEX "classes_course_offering_id_index" on "classes" ("course_offering_id");

DROP index IF EXISTS "classes_schedule_day_of_week_schedule_start_time_index";
CREATE INDEX "classes_schedule_day_of_week_schedule_start_time_index" on "classes" ("schedule_day_of_week", "schedule_start_time");

DROP index IF EXISTS "classes_status_index";
CREATE INDEX "classes_status_index" on "classes" ("status");

DROP index IF EXISTS "classes_tutor_id_index";
CREATE INDEX "classes_tutor_id_index" on "classes" ("tutor_id");

DROP index IF EXISTS "classes_tutor_id_schedule_day_of_week_index";
CREATE INDEX "classes_tutor_id_schedule_day_of_week_index" on "classes" ("tutor_id", "schedule_day_of_week");

DROP index IF EXISTS "course_components_course_template_id_code_unique";
CREATE UNIQUE INDEX "course_components_course_template_id_code_unique" on "course_components" ("course_template_id", "code");

DROP index IF EXISTS "course_offerings_business_id_status_index";
CREATE INDEX "course_offerings_business_id_status_index" on "course_offerings" ("business_id", "status");

DROP index IF EXISTS "course_offerings_course_id_year_group_id_index";
CREATE INDEX "course_offerings_course_id_year_group_id_index" on "course_offerings" ("course_id", "year_group_id");

DROP index IF EXISTS "course_offerings_course_template_id_index";
CREATE INDEX "course_offerings_course_template_id_index" on "course_offerings" ("course_template_id");

DROP index IF EXISTS "course_offerings_tutor_id_status_index";
CREATE INDEX "course_offerings_tutor_id_status_index" on "course_offerings" ("tutor_id", "status");

DROP index IF EXISTS "course_templates_code_unique";
CREATE UNIQUE INDEX "course_templates_code_unique" on "course_templates" ("code");

DROP index IF EXISTS "course_templates_state_code_year_group_code_index";
CREATE INDEX "course_templates_state_code_year_group_code_index" on "course_templates" ("state_code", "year_group_code");

DROP index IF EXISTS "course_templates_state_year_kind_align_unique";
CREATE UNIQUE INDEX "course_templates_state_year_kind_align_unique" on "course_templates" ("state_code", "year_group_code", "kind", "test_alignment");

DROP index IF EXISTS "courses_business_id_name_index";
CREATE INDEX "courses_business_id_name_index" on "courses" ("business_id", "name");

DROP index IF EXISTS "failed_jobs_uuid_unique";
CREATE UNIQUE INDEX "failed_jobs_uuid_unique" on "failed_jobs" ("uuid");

DROP index IF EXISTS "invitations_business_id_index";
CREATE INDEX "invitations_business_id_index" on "invitations" ("business_id");

DROP index IF EXISTS "invitations_email_index";
CREATE INDEX "invitations_email_index" on "invitations" ("email");

DROP index IF EXISTS "invitations_kind_business_id_index";
CREATE INDEX "invitations_kind_business_id_index" on "invitations" ("kind", "business_id");

DROP index IF EXISTS "invitations_token_unique";
CREATE UNIQUE INDEX "invitations_token_unique" on "invitations" ("token");

DROP index IF EXISTS "jobs_queue_index";
CREATE INDEX "jobs_queue_index" on "jobs" ("queue");

DROP index IF EXISTS "offering_enrolments_business_id_status_index";
CREATE INDEX "offering_enrolments_business_id_status_index" on "offering_enrolments" ("business_id", "status");

DROP index IF EXISTS "offering_enrolments_course_offering_id_status_index";
CREATE INDEX "offering_enrolments_course_offering_id_status_index" on "offering_enrolments" ("course_offering_id", "status");

DROP index IF EXISTS "offering_enrolments_one_active_per_student";
CREATE UNIQUE INDEX offering_enrolments_one_active_per_student ON offering_enrolments (course_offering_id, student_id) WHERE status = 'active';

DROP index IF EXISTS "offering_enrolments_student_id_index";
CREATE INDEX "offering_enrolments_student_id_index" on "offering_enrolments" ("student_id");

DROP index IF EXISTS "personal_access_tokens_expires_at_index";
CREATE INDEX "personal_access_tokens_expires_at_index" on "personal_access_tokens" ("expires_at");

DROP index IF EXISTS "personal_access_tokens_token_unique";
CREATE UNIQUE INDEX "personal_access_tokens_token_unique" on "personal_access_tokens" ("token");

DROP index IF EXISTS "personal_access_tokens_tokenable_type_tokenable_id_index";
CREATE INDEX "personal_access_tokens_tokenable_type_tokenable_id_index" on "personal_access_tokens" ("tokenable_type", "tokenable_id");

DROP index IF EXISTS "sessions_last_activity_index";
CREATE INDEX "sessions_last_activity_index" on "sessions" ("last_activity");

DROP index IF EXISTS "sessions_user_id_index";
CREATE INDEX "sessions_user_id_index" on "sessions" ("user_id");

DROP index IF EXISTS "student_class_assignments_class_id_index";
CREATE INDEX "student_class_assignments_class_id_index" on "student_class_assignments" ("class_id");

DROP index IF EXISTS "student_parents_student_id_index";
CREATE INDEX "student_parents_student_id_index" on "student_parents" ("student_id");

DROP index IF EXISTS "student_tutor_subject_unique";
CREATE UNIQUE INDEX "student_tutor_subject_unique" on "student_tutors" ("student_id", "subject_id", "tutor_id");

DROP index IF EXISTS "student_tutors_one_primary_per_subject";
CREATE UNIQUE INDEX student_tutors_one_primary_per_subject
                 ON student_tutors (student_id, subject_id) WHERE is_primary = 1;

DROP index IF EXISTS "student_tutors_student_id_subject_id_index";
CREATE INDEX "student_tutors_student_id_subject_id_index" on "student_tutors" ("student_id", "subject_id");

DROP index IF EXISTS "student_tutors_tutor_id_index";
CREATE INDEX "student_tutors_tutor_id_index" on "student_tutors" ("tutor_id");

DROP index IF EXISTS "students_business_id_index";
CREATE INDEX "students_business_id_index" on "students" ("business_id");

DROP index IF EXISTS "students_status_index";
CREATE INDEX "students_status_index" on "students" ("status");

DROP index IF EXISTS "students_user_id_unique";
CREATE UNIQUE INDEX "students_user_id_unique" on "students" ("user_id");

DROP index IF EXISTS "students_year_group_code_index";
CREATE INDEX "students_year_group_code_index" on "students" ("year_group_code");

DROP index IF EXISTS "subjects_state_code_code_unique";
CREATE UNIQUE INDEX "subjects_state_code_code_unique" on "subjects" ("state_code", "code");

DROP index IF EXISTS "subjects_state_code_index";
CREATE INDEX "subjects_state_code_index" on "subjects" ("state_code");

DROP index IF EXISTS "submissions_assignment_id_status_index";
CREATE INDEX "submissions_assignment_id_status_index" on "submissions" ("assignment_id", "status");

DROP index IF EXISTS "submissions_assignment_id_student_id_unique";
CREATE UNIQUE INDEX "submissions_assignment_id_student_id_unique" on "submissions" ("assignment_id", "student_id");

DROP index IF EXISTS "submissions_student_id_status_index";
CREATE INDEX "submissions_student_id_status_index" on "submissions" ("student_id", "status");

DROP index IF EXISTS "tutors_business_id_index";
CREATE INDEX "tutors_business_id_index" on "tutors" ("business_id");

DROP index IF EXISTS "tutors_compliance_status_index";
CREATE INDEX "tutors_compliance_status_index" on "tutors" ("compliance_status");

DROP index IF EXISTS "tutors_status_index";
CREATE INDEX "tutors_status_index" on "tutors" ("status");

DROP index IF EXISTS "tutors_user_id_unique";
CREATE UNIQUE INDEX "tutors_user_id_unique" on "tutors" ("user_id");

DROP index IF EXISTS "users_email_unique";
CREATE UNIQUE INDEX "users_email_unique" on "users" ("email");

DROP index IF EXISTS "waitlist_email_index";
CREATE INDEX "waitlist_email_index" on "waitlist" ("email");

DROP index IF EXISTS "waitlist_state_index";
CREATE INDEX "waitlist_state_index" on "waitlist" ("state");

DROP index IF EXISTS "weeks_academic_term_id_week_number_unique";
CREATE UNIQUE INDEX "weeks_academic_term_id_week_number_unique" on "weeks" ("academic_term_id", "week_number");

DROP index IF EXISTS "weeks_business_id_index";
CREATE INDEX "weeks_business_id_index" on "weeks" ("business_id");

DROP index IF EXISTS "year_groups_state_code_code_unique";
CREATE UNIQUE INDEX "year_groups_state_code_code_unique" on "year_groups" ("state_code", "code");

DROP index IF EXISTS "year_groups_state_code_order_unique";
CREATE UNIQUE INDEX "year_groups_state_code_order_unique" on "year_groups" ("state_code", "order");


-- ============================ DATA ============================

-- academic_terms (20 rows)
INSERT INTO "academic_terms" ("id","academic_year_id","term_number","name","start_date","end_date","is_manually_edited","created_at","updated_at") VALUES (1,1,1,'Term 1','2026-02-02 00:00:00','2026-04-09 00:00:00',0,'2026-05-05 03:42:38','2026-05-05 03:42:38');
INSERT INTO "academic_terms" ("id","academic_year_id","term_number","name","start_date","end_date","is_manually_edited","created_at","updated_at") VALUES (2,1,2,'Term 2','2026-04-27 00:00:00','2026-07-03 00:00:00',0,'2026-05-05 03:42:38','2026-05-05 03:42:38');
INSERT INTO "academic_terms" ("id","academic_year_id","term_number","name","start_date","end_date","is_manually_edited","created_at","updated_at") VALUES (3,1,3,'Term 3','2026-07-21 00:00:00','2026-09-25 00:00:00',0,'2026-05-05 03:42:38','2026-05-05 03:42:38');
INSERT INTO "academic_terms" ("id","academic_year_id","term_number","name","start_date","end_date","is_manually_edited","created_at","updated_at") VALUES (4,1,4,'Term 4','2026-10-13 00:00:00','2026-12-18 00:00:00',0,'2026-05-05 03:42:38','2026-05-05 03:42:38');
INSERT INTO "academic_terms" ("id","academic_year_id","term_number","name","start_date","end_date","is_manually_edited","created_at","updated_at") VALUES (5,2,1,'Term 1','2026-02-02 00:00:00','2026-04-09 00:00:00',0,'2026-05-06 00:25:42','2026-05-06 00:25:42');
INSERT INTO "academic_terms" ("id","academic_year_id","term_number","name","start_date","end_date","is_manually_edited","created_at","updated_at") VALUES (6,2,2,'Term 2','2026-04-27 00:00:00','2026-07-03 00:00:00',0,'2026-05-06 00:25:42','2026-05-06 00:25:42');
INSERT INTO "academic_terms" ("id","academic_year_id","term_number","name","start_date","end_date","is_manually_edited","created_at","updated_at") VALUES (7,2,3,'Term 3','2026-07-21 00:00:00','2026-09-25 00:00:00',0,'2026-05-06 00:25:42','2026-05-06 00:25:42');
INSERT INTO "academic_terms" ("id","academic_year_id","term_number","name","start_date","end_date","is_manually_edited","created_at","updated_at") VALUES (8,2,4,'Term 4','2026-10-13 00:00:00','2026-12-18 00:00:00',0,'2026-05-06 00:25:42','2026-05-06 00:25:42');
INSERT INTO "academic_terms" ("id","academic_year_id","term_number","name","start_date","end_date","is_manually_edited","created_at","updated_at") VALUES (9,3,1,'Term 1','2026-02-02 00:00:00','2026-04-09 00:00:00',0,'2026-05-06 00:25:42','2026-05-06 00:25:42');
INSERT INTO "academic_terms" ("id","academic_year_id","term_number","name","start_date","end_date","is_manually_edited","created_at","updated_at") VALUES (10,3,2,'Term 2','2026-05-04 00:00:00','2026-07-03 00:00:00',1,'2026-05-06 00:25:42','2026-05-08 00:16:08');
INSERT INTO "academic_terms" ("id","academic_year_id","term_number","name","start_date","end_date","is_manually_edited","created_at","updated_at") VALUES (11,3,3,'Term 3','2026-07-21 00:00:00','2026-09-25 00:00:00',0,'2026-05-06 00:25:42','2026-05-06 00:25:42');
INSERT INTO "academic_terms" ("id","academic_year_id","term_number","name","start_date","end_date","is_manually_edited","created_at","updated_at") VALUES (12,3,4,'Term 4','2026-10-13 00:00:00','2026-12-18 00:00:00',0,'2026-05-06 00:25:42','2026-05-06 00:25:42');
INSERT INTO "academic_terms" ("id","academic_year_id","term_number","name","start_date","end_date","is_manually_edited","created_at","updated_at") VALUES (13,4,1,'Term 1','2026-02-02 00:00:00','2026-04-09 00:00:00',0,'2026-05-06 00:26:09','2026-05-06 00:26:09');
INSERT INTO "academic_terms" ("id","academic_year_id","term_number","name","start_date","end_date","is_manually_edited","created_at","updated_at") VALUES (14,4,2,'Term 2','2026-04-27 00:00:00','2026-07-03 00:00:00',0,'2026-05-06 00:26:09','2026-05-06 00:26:09');
INSERT INTO "academic_terms" ("id","academic_year_id","term_number","name","start_date","end_date","is_manually_edited","created_at","updated_at") VALUES (15,4,3,'Term 3','2026-07-21 00:00:00','2026-09-25 00:00:00',0,'2026-05-06 00:26:09','2026-05-06 00:26:09');
INSERT INTO "academic_terms" ("id","academic_year_id","term_number","name","start_date","end_date","is_manually_edited","created_at","updated_at") VALUES (16,4,4,'Term 4','2026-10-13 00:00:00','2026-12-18 00:00:00',0,'2026-05-06 00:26:09','2026-05-06 00:26:09');
INSERT INTO "academic_terms" ("id","academic_year_id","term_number","name","start_date","end_date","is_manually_edited","created_at","updated_at") VALUES (17,5,1,'Term 1','2026-02-02 00:00:00','2026-04-09 00:00:00',0,'2026-05-07 02:11:59','2026-05-07 02:11:59');
INSERT INTO "academic_terms" ("id","academic_year_id","term_number","name","start_date","end_date","is_manually_edited","created_at","updated_at") VALUES (18,5,2,'Term 2','2026-04-27 00:00:00','2026-07-03 00:00:00',1,'2026-05-07 02:11:59','2026-05-08 00:00:37');
INSERT INTO "academic_terms" ("id","academic_year_id","term_number","name","start_date","end_date","is_manually_edited","created_at","updated_at") VALUES (19,5,3,'Term 3','2026-07-21 00:00:00','2026-09-25 00:00:00',0,'2026-05-07 02:11:59','2026-05-07 02:11:59');
INSERT INTO "academic_terms" ("id","academic_year_id","term_number","name","start_date","end_date","is_manually_edited","created_at","updated_at") VALUES (20,5,4,'Term 4','2026-10-13 00:00:00','2026-12-18 00:00:00',0,'2026-05-07 02:11:59','2026-05-07 02:11:59');

-- academic_years (5 rows)
INSERT INTO "academic_years" ("id","business_id","state_code","year","pack_version","status","start_date","end_date","created_at","updated_at") VALUES (1,4,'NSW',2026,'1.0.0','draft','2026-02-02 00:00:00','2026-12-18 00:00:00','2026-05-05 03:42:38','2026-05-05 03:42:38');
INSERT INTO "academic_years" ("id","business_id","state_code","year","pack_version","status","start_date","end_date","created_at","updated_at") VALUES (2,8,'NSW',2026,'1.0.0','draft','2026-02-02 00:00:00','2026-12-18 00:00:00','2026-05-06 00:25:42','2026-05-06 00:25:42');
INSERT INTO "academic_years" ("id","business_id","state_code","year","pack_version","status","start_date","end_date","created_at","updated_at") VALUES (3,9,'NSW',2026,'1.0.0','draft','2026-02-02 00:00:00','2026-12-18 00:00:00','2026-05-06 00:25:42','2026-05-06 00:25:42');
INSERT INTO "academic_years" ("id","business_id","state_code","year","pack_version","status","start_date","end_date","created_at","updated_at") VALUES (4,10,'NSW',2026,'1.0.0','draft','2026-02-02 00:00:00','2026-12-18 00:00:00','2026-05-06 00:26:09','2026-05-06 00:26:09');
INSERT INTO "academic_years" ("id","business_id","state_code","year","pack_version","status","start_date","end_date","created_at","updated_at") VALUES (5,1,'NSW',2026,'1.0.0','draft','2026-02-02 00:00:00','2026-12-18 00:00:00','2026-05-07 02:11:59','2026-05-07 02:11:59');

-- audit_log (23 rows)
INSERT INTO "audit_log" ("id","business_id","actor_user_id","event","entity_type","entity_id","payload","occurred_at","created_at","updated_at") VALUES (1,5,1,'business_invited','invitation',1,'{"email":"newowner@example.com","state_code":"NSW"}','2026-05-05 05:01:12','2026-05-05 05:01:12','2026-05-05 05:01:12');
INSERT INTO "audit_log" ("id","business_id","actor_user_id","event","entity_type","entity_id","payload","occurred_at","created_at","updated_at") VALUES (2,5,7,'owner_password_set','invitation',1,NULL,'2026-05-05 05:01:13','2026-05-05 05:01:13','2026-05-05 05:01:13');
INSERT INTO "audit_log" ("id","business_id","actor_user_id","event","entity_type","entity_id","payload","occurred_at","created_at","updated_at") VALUES (3,5,7,'tutor_invited','tutor',5,'{"email":"newtutor@example.com"}','2026-05-05 05:01:14','2026-05-05 05:01:14','2026-05-05 05:01:14');
INSERT INTO "audit_log" ("id","business_id","actor_user_id","event","entity_type","entity_id","payload","occurred_at","created_at","updated_at") VALUES (4,5,8,'tutor_activated','tutor',5,NULL,'2026-05-05 05:01:15','2026-05-05 05:01:15','2026-05-05 05:01:15');
INSERT INTO "audit_log" ("id","business_id","actor_user_id","event","entity_type","entity_id","payload","occurred_at","created_at","updated_at") VALUES (5,4,6,'tier_limit_rejected',NULL,NULL,'{"reason":"Upgrade to Multi-tutor to add team members."}','2026-05-05 05:05:22','2026-05-05 05:05:22','2026-05-05 05:05:22');
INSERT INTO "audit_log" ("id","business_id","actor_user_id","event","entity_type","entity_id","payload","occurred_at","created_at","updated_at") VALUES (6,11,1,'business_invited','invitation',3,'{"email":"invite-owner-112758@eslate.local","state_code":"NSW"}','2026-05-08 01:27:58','2026-05-08 01:27:58','2026-05-08 01:27:58');
INSERT INTO "audit_log" ("id","business_id","actor_user_id","event","entity_type","entity_id","payload","occurred_at","created_at","updated_at") VALUES (7,11,14,'owner_password_set','invitation',3,NULL,'2026-05-08 01:27:58','2026-05-08 01:27:58','2026-05-08 01:27:58');
INSERT INTO "audit_log" ("id","business_id","actor_user_id","event","entity_type","entity_id","payload","occurred_at","created_at","updated_at") VALUES (8,9,12,'tutor_invited','tutor',8,'{"email":"invite-tutor-113021@eslate.local"}','2026-05-08 01:30:21','2026-05-08 01:30:21','2026-05-08 01:30:21');
INSERT INTO "audit_log" ("id","business_id","actor_user_id","event","entity_type","entity_id","payload","occurred_at","created_at","updated_at") VALUES (9,9,15,'tutor_activated','tutor',8,NULL,'2026-05-08 01:30:22','2026-05-08 01:30:22','2026-05-08 01:30:22');
INSERT INTO "audit_log" ("id","business_id","actor_user_id","event","entity_type","entity_id","payload","occurred_at","created_at","updated_at") VALUES (10,9,12,'student_added','student',1,NULL,'2026-05-08 04:11:12','2026-05-08 04:11:12','2026-05-08 04:11:12');
INSERT INTO "audit_log" ("id","business_id","actor_user_id","event","entity_type","entity_id","payload","occurred_at","created_at","updated_at") VALUES (11,9,12,'student_added','student',2,'{"parent_count":2}','2026-05-11 23:50:44','2026-05-11 23:50:44','2026-05-11 23:50:44');
INSERT INTO "audit_log" ("id","business_id","actor_user_id","event","entity_type","entity_id","payload","occurred_at","created_at","updated_at") VALUES (12,1,2,'student_added','student',3,'{"parent_count":1}','2026-05-12 00:37:33','2026-05-12 00:37:33','2026-05-12 00:37:33');
INSERT INTO "audit_log" ("id","business_id","actor_user_id","event","entity_type","entity_id","payload","occurred_at","created_at","updated_at") VALUES (13,9,12,'course_offering_created','course_offering',1,'{"template_id":17,"tutor_id":8}','2026-05-12 04:40:29','2026-05-12 04:40:29','2026-05-12 04:40:29');
INSERT INTO "audit_log" ("id","business_id","actor_user_id","event","entity_type","entity_id","payload","occurred_at","created_at","updated_at") VALUES (14,9,12,'course_enrolment_added','offering_enrolment',1,'{"student_id":1,"offering_id":1}','2026-05-12 04:40:29','2026-05-12 04:40:29','2026-05-12 04:40:29');
INSERT INTO "audit_log" ("id","business_id","actor_user_id","event","entity_type","entity_id","payload","occurred_at","created_at","updated_at") VALUES (15,9,12,'course_enrolment_added','offering_enrolment',2,'{"student_id":2,"offering_id":1}','2026-05-12 04:40:29','2026-05-12 04:40:29','2026-05-12 04:40:29');
INSERT INTO "audit_log" ("id","business_id","actor_user_id","event","entity_type","entity_id","payload","occurred_at","created_at","updated_at") VALUES (16,9,12,'course_offering_status_changed','course_offering',1,'{"from":"draft","to":"active"}','2026-05-12 04:40:29','2026-05-12 04:40:30','2026-05-12 04:40:30');
INSERT INTO "audit_log" ("id","business_id","actor_user_id","event","entity_type","entity_id","payload","occurred_at","created_at","updated_at") VALUES (17,9,12,'course_offering_created','course_offering',2,'{"template_id":null,"tutor_id":8,"is_custom":true}','2026-05-12 10:44:46','2026-05-12 10:44:46','2026-05-12 10:44:46');
INSERT INTO "audit_log" ("id","business_id","actor_user_id","event","entity_type","entity_id","payload","occurred_at","created_at","updated_at") VALUES (18,1,2,'course_offering_created','course_offering',3,'{"template_id":1,"tutor_id":1,"is_custom":false}','2026-05-13 01:28:17','2026-05-13 01:28:17','2026-05-13 01:28:17');
INSERT INTO "audit_log" ("id","business_id","actor_user_id","event","entity_type","entity_id","payload","occurred_at","created_at","updated_at") VALUES (19,1,2,'course_offering_archived','course_offering',3,'{"enrolment_count":0,"assignment_count":0}','2026-05-13 01:29:38','2026-05-13 01:29:38','2026-05-13 01:29:38');
INSERT INTO "audit_log" ("id","business_id","actor_user_id","event","entity_type","entity_id","payload","occurred_at","created_at","updated_at") VALUES (20,9,12,'course_offering_created','course_offering',4,'{"template_id":null,"tutor_id":8,"is_custom":true}','2026-05-13 03:59:38','2026-05-13 03:59:38','2026-05-13 03:59:38');
INSERT INTO "audit_log" ("id","business_id","actor_user_id","event","entity_type","entity_id","payload","occurred_at","created_at","updated_at") VALUES (21,1,2,'course_offering_created','course_offering',5,'{"template_id":2,"tutor_id":1,"is_custom":false}','2026-05-14 02:04:41','2026-05-14 02:04:41','2026-05-14 02:04:41');
INSERT INTO "audit_log" ("id","business_id","actor_user_id","event","entity_type","entity_id","payload","occurred_at","created_at","updated_at") VALUES (22,1,2,'course_offering_status_changed','course_offering',5,'{"from":"draft","to":"active"}','2026-05-14 02:05:21','2026-05-14 02:05:21','2026-05-14 02:05:21');
INSERT INTO "audit_log" ("id","business_id","actor_user_id","event","entity_type","entity_id","payload","occurred_at","created_at","updated_at") VALUES (23,1,2,'course_enrolment_added','offering_enrolment',3,'{"student_id":3,"offering_id":5}','2026-05-14 04:17:52','2026-05-14 04:17:52','2026-05-14 04:17:52');

-- business_subjects (3 rows)
INSERT INTO "business_subjects" ("id","business_id","subject_id","name","name_normalized","year_levels","is_active","created_at","updated_at") VALUES (1,5,1,NULL,NULL,NULL,1,'2026-05-05 05:01:14','2026-05-05 05:01:14');
INSERT INTO "business_subjects" ("id","business_id","subject_id","name","name_normalized","year_levels","is_active","created_at","updated_at") VALUES (2,5,4,NULL,NULL,NULL,1,'2026-05-05 05:01:14','2026-05-05 05:01:14');
INSERT INTO "business_subjects" ("id","business_id","subject_id","name","name_normalized","year_levels","is_active","created_at","updated_at") VALUES (3,5,7,NULL,NULL,NULL,1,'2026-05-05 05:01:14','2026-05-05 05:01:14');

-- businesses (11 rows)
INSERT INTO "businesses" ("id","type","name","legal_name","logo","abn","state_code","timezone","currency","tier","pack_version","owner_user_id","created_at","updated_at") VALUES (1,'multi_tutor','Acme Tutoring (Dev)',NULL,NULL,NULL,'NSW','Australia/Sydney','AUD','starter','1.0.0',2,'2026-05-05 02:59:54','2026-05-07 02:11:59');
INSERT INTO "businesses" ("id","type","name","legal_name","logo","abn","state_code","timezone","currency","tier","pack_version","owner_user_id","created_at","updated_at") VALUES (2,'individual','Solo Tutor Tutoring',NULL,NULL,NULL,'NSW','Australia/Sydney','AUD','individual',NULL,4,'2026-05-05 02:59:54','2026-05-05 02:59:54');
INSERT INTO "businesses" ("id","type","name","legal_name","logo","abn","state_code","timezone","currency","tier","pack_version","owner_user_id","created_at","updated_at") VALUES (3,'individual','Jane Smith Tutoring',NULL,NULL,NULL,'NSW','Australia/Sydney','AUD','individual',NULL,5,'2026-05-05 03:41:52','2026-05-05 03:41:52');
INSERT INTO "businesses" ("id","type","name","legal_name","logo","abn","state_code","timezone","currency","tier","pack_version","owner_user_id","created_at","updated_at") VALUES (4,'individual','Mary Doe Tutoring',NULL,NULL,NULL,'NSW','Australia/Sydney','AUD','individual','1.0.0',6,'2026-05-05 03:42:38','2026-05-05 03:42:38');
INSERT INTO "businesses" ("id","type","name","legal_name","logo","abn","state_code","timezone","currency","tier","pack_version","owner_user_id","created_at","updated_at") VALUES (5,'multi_tutor','Beta Tutoring Co',NULL,'/logos/beta.png','12345678901','NSW','Australia/Sydney','AUD','starter',NULL,7,'2026-05-05 05:01:12','2026-05-05 05:01:14');
INSERT INTO "businesses" ("id","type","name","legal_name","logo","abn","state_code","timezone","currency","tier","pack_version","owner_user_id","created_at","updated_at") VALUES (6,'individual','Trupti Shah Tutoring',NULL,NULL,NULL,'NSW','Australia/Sydney','AUD','individual',NULL,9,'2026-05-05 05:26:49','2026-05-05 05:26:49');
INSERT INTO "businesses" ("id","type","name","legal_name","logo","abn","state_code","timezone","currency","tier","pack_version","owner_user_id","created_at","updated_at") VALUES (7,'multi_tutor','Big Tutor Co',NULL,NULL,NULL,'NSW','Australia/Sydney','AUD','starter',NULL,10,'2026-05-05 05:33:00','2026-05-05 05:33:00');
INSERT INTO "businesses" ("id","type","name","legal_name","logo","abn","state_code","timezone","currency","tier","pack_version","owner_user_id","created_at","updated_at") VALUES (8,'individual','Smoke Tutor Tutoring',NULL,NULL,NULL,'NSW','Australia/Sydney','AUD','individual','1.0.0',11,'2026-05-05 05:40:58','2026-05-06 00:25:42');
INSERT INTO "businesses" ("id","type","name","legal_name","logo","abn","state_code","timezone","currency","tier","pack_version","owner_user_id","created_at","updated_at") VALUES (9,'multi_tutor','Smoke Tutoring Co',NULL,NULL,NULL,'NSW','Australia/Sydney','AUD','starter','1.0.0',12,'2026-05-05 05:40:58','2026-05-06 00:25:42');
INSERT INTO "businesses" ("id","type","name","legal_name","logo","abn","state_code","timezone","currency","tier","pack_version","owner_user_id","created_at","updated_at") VALUES (10,'multi_tutor','AA Academy',NULL,NULL,NULL,'NSW','Australia/Sydney','AUD','starter','1.0.0',13,'2026-05-06 00:25:14','2026-05-06 00:26:09');
INSERT INTO "businesses" ("id","type","name","legal_name","logo","abn","state_code","timezone","currency","tier","pack_version","owner_user_id","created_at","updated_at") VALUES (11,'multi_tutor','Invite Test Co 112758',NULL,NULL,NULL,'NSW','Australia/Sydney','AUD','starter',NULL,14,'2026-05-08 01:27:58','2026-05-08 01:27:58');

-- class_terms (17 rows)
INSERT INTO "class_terms" ("id","class_id","academic_term_id","created_at","updated_at") VALUES (1,2,9,'2026-05-14 03:27:09','2026-05-14 03:27:09');
INSERT INTO "class_terms" ("id","class_id","academic_term_id","created_at","updated_at") VALUES (2,2,10,'2026-05-14 03:27:09','2026-05-14 03:27:09');
INSERT INTO "class_terms" ("id","class_id","academic_term_id","created_at","updated_at") VALUES (3,3,17,'2026-05-14 04:16:08','2026-05-14 04:16:08');
INSERT INTO "class_terms" ("id","class_id","academic_term_id","created_at","updated_at") VALUES (4,3,18,'2026-05-14 04:16:08','2026-05-14 04:16:08');
INSERT INTO "class_terms" ("id","class_id","academic_term_id","created_at","updated_at") VALUES (5,3,19,'2026-05-14 04:16:08','2026-05-14 04:16:08');
INSERT INTO "class_terms" ("id","class_id","academic_term_id","created_at","updated_at") VALUES (6,3,20,'2026-05-14 04:16:08','2026-05-14 04:16:08');
INSERT INTO "class_terms" ("id","class_id","academic_term_id","created_at","updated_at") VALUES (7,4,17,'2026-05-14 04:17:01','2026-05-14 04:17:01');
INSERT INTO "class_terms" ("id","class_id","academic_term_id","created_at","updated_at") VALUES (8,4,18,'2026-05-14 04:17:01','2026-05-14 04:17:01');
INSERT INTO "class_terms" ("id","class_id","academic_term_id","created_at","updated_at") VALUES (9,4,19,'2026-05-14 04:17:01','2026-05-14 04:17:01');
INSERT INTO "class_terms" ("id","class_id","academic_term_id","created_at","updated_at") VALUES (10,4,20,'2026-05-14 04:17:01','2026-05-14 04:17:01');
INSERT INTO "class_terms" ("id","class_id","academic_term_id","created_at","updated_at") VALUES (11,5,17,'2026-05-14 04:20:41','2026-05-14 04:20:41');
INSERT INTO "class_terms" ("id","class_id","academic_term_id","created_at","updated_at") VALUES (12,5,18,'2026-05-14 04:20:41','2026-05-14 04:20:41');
INSERT INTO "class_terms" ("id","class_id","academic_term_id","created_at","updated_at") VALUES (13,5,19,'2026-05-14 04:20:41','2026-05-14 04:20:41');
INSERT INTO "class_terms" ("id","class_id","academic_term_id","created_at","updated_at") VALUES (14,5,20,'2026-05-14 04:20:41','2026-05-14 04:20:41');
INSERT INTO "class_terms" ("id","class_id","academic_term_id","created_at","updated_at") VALUES (15,6,9,'2026-05-17 23:55:22','2026-05-17 23:55:22');
INSERT INTO "class_terms" ("id","class_id","academic_term_id","created_at","updated_at") VALUES (16,7,9,'2026-05-17 23:55:22','2026-05-17 23:55:22');
INSERT INTO "class_terms" ("id","class_id","academic_term_id","created_at","updated_at") VALUES (17,8,17,'2026-05-18 05:50:56','2026-05-18 05:50:56');

-- classes (8 rows)
INSERT INTO "classes" ("id","business_id","tutor_id","academic_year_id","year_group_id","subject_id","name","created_at","updated_at","course_offering_id","course_id","starts_on","ends_on","capacity","status","description","level","schedule_day_of_week","schedule_start_time","schedule_end_time","location") VALUES (1,9,8,3,7,1,'Y6 Writing Bootcamp Sat 10am','2026-05-12 10:44:46','2026-05-12 10:44:46',2,NULL,NULL,NULL,NULL,'draft',NULL,NULL,NULL,NULL,NULL,NULL);
INSERT INTO "classes" ("id","business_id","tutor_id","academic_year_id","year_group_id","subject_id","name","created_at","updated_at","course_offering_id","course_id","starts_on","ends_on","capacity","status","description","level","schedule_day_of_week","schedule_start_time","schedule_end_time","location") VALUES (2,9,8,3,5,2,'Foundation Y4 Maths - Term 1+2 Tuesdays','2026-05-14 03:27:09','2026-05-14 03:27:09',NULL,1,'2026-02-02 00:00:00','2026-07-03 00:00:00',8,'draft','Weekly maths foundation for OC prep','Intermediate',NULL,NULL,NULL,NULL);
INSERT INTO "classes" ("id","business_id","tutor_id","academic_year_id","year_group_id","subject_id","name","created_at","updated_at","course_offering_id","course_id","starts_on","ends_on","capacity","status","description","level","schedule_day_of_week","schedule_start_time","schedule_end_time","location") VALUES (3,1,NULL,5,2,4,'Foundation · Year 1 · English','2026-05-14 04:16:08','2026-05-14 04:16:08',NULL,3,'2026-02-02 00:00:00','2026-12-18 00:00:00',NULL,'draft',NULL,NULL,NULL,NULL,NULL,NULL);
INSERT INTO "classes" ("id","business_id","tutor_id","academic_year_id","year_group_id","subject_id","name","created_at","updated_at","course_offering_id","course_id","starts_on","ends_on","capacity","status","description","level","schedule_day_of_week","schedule_start_time","schedule_end_time","location") VALUES (4,1,NULL,5,2,1,'Foundation · Year 1 · Mathematics','2026-05-14 04:17:01','2026-05-14 04:17:01',NULL,3,'2026-02-02 00:00:00','2026-12-18 00:00:00',NULL,'draft',NULL,NULL,NULL,NULL,NULL,NULL);
INSERT INTO "classes" ("id","business_id","tutor_id","academic_year_id","year_group_id","subject_id","name","created_at","updated_at","course_offering_id","course_id","starts_on","ends_on","capacity","status","description","level","schedule_day_of_week","schedule_start_time","schedule_end_time","location") VALUES (5,1,NULL,5,3,1,'Year 2 · Mathematics','2026-05-14 04:20:41','2026-05-14 04:20:41',NULL,NULL,'2026-02-02 00:00:00','2026-12-18 00:00:00',NULL,'draft',NULL,NULL,NULL,NULL,NULL,NULL);
INSERT INTO "classes" ("id","business_id","tutor_id","academic_year_id","year_group_id","subject_id","name","created_at","updated_at","course_offering_id","course_id","starts_on","ends_on","capacity","status","description","level","schedule_day_of_week","schedule_start_time","schedule_end_time","location") VALUES (6,9,8,3,5,2,'ScheduleTest Tue 4pm Maths','2026-05-17 23:55:22','2026-05-17 23:55:22',NULL,NULL,'2026-02-02 00:00:00','2026-04-09 00:00:00',NULL,'draft',NULL,NULL,2,'16:00','18:00','Room A');
INSERT INTO "classes" ("id","business_id","tutor_id","academic_year_id","year_group_id","subject_id","name","created_at","updated_at","course_offering_id","course_id","starts_on","ends_on","capacity","status","description","level","schedule_day_of_week","schedule_start_time","schedule_end_time","location") VALUES (7,9,8,3,5,2,'ScheduleTest Tue 6pm Adjacent','2026-05-17 23:55:22','2026-05-17 23:55:22',NULL,NULL,'2026-02-02 00:00:00','2026-04-09 00:00:00',NULL,'draft',NULL,NULL,2,'18:00','20:00','Room A');
INSERT INTO "classes" ("id","business_id","tutor_id","academic_year_id","year_group_id","subject_id","name","created_at","updated_at","course_offering_id","course_id","starts_on","ends_on","capacity","status","description","level","schedule_day_of_week","schedule_start_time","schedule_end_time","location") VALUES (8,1,NULL,5,3,1,'WEMT · Year 2','2026-05-18 05:50:56','2026-05-18 05:50:56',NULL,4,'2026-02-02 00:00:00','2026-04-09 00:00:00',NULL,'draft',NULL,NULL,1,'16:00','18:00',NULL);

-- course_components (70 rows)
INSERT INTO "course_components" ("id","course_template_id","code","name","weight_pct","duration_minutes","question_count","question_format","sort_order","pack_version","created_at","updated_at") VALUES (1,1,'general','General',NULL,NULL,NULL,'mixed',0,'1.0.0','2026-05-12 04:06:41','2026-05-12 04:06:41');
INSERT INTO "course_components" ("id","course_template_id","code","name","weight_pct","duration_minutes","question_count","question_format","sort_order","pack_version","created_at","updated_at") VALUES (2,2,'general','General',NULL,NULL,NULL,'mixed',0,'1.0.0','2026-05-12 04:06:41','2026-05-12 04:06:41');
INSERT INTO "course_components" ("id","course_template_id","code","name","weight_pct","duration_minutes","question_count","question_format","sort_order","pack_version","created_at","updated_at") VALUES (3,3,'general','General',NULL,NULL,NULL,'mixed',0,'1.0.0','2026-05-12 04:06:41','2026-05-12 04:06:41');
INSERT INTO "course_components" ("id","course_template_id","code","name","weight_pct","duration_minutes","question_count","question_format","sort_order","pack_version","created_at","updated_at") VALUES (4,4,'general','General',NULL,NULL,NULL,'mixed',0,'1.0.0','2026-05-12 04:06:41','2026-05-12 04:06:41');
INSERT INTO "course_components" ("id","course_template_id","code","name","weight_pct","duration_minutes","question_count","question_format","sort_order","pack_version","created_at","updated_at") VALUES (5,5,'general','General',NULL,NULL,NULL,'mixed',0,'1.0.0','2026-05-12 04:06:41','2026-05-12 04:06:41');
INSERT INTO "course_components" ("id","course_template_id","code","name","weight_pct","duration_minutes","question_count","question_format","sort_order","pack_version","created_at","updated_at") VALUES (6,6,'general','General',NULL,NULL,NULL,'mixed',0,'1.0.0','2026-05-12 04:06:41','2026-05-12 04:06:41');
INSERT INTO "course_components" ("id","course_template_id","code","name","weight_pct","duration_minutes","question_count","question_format","sort_order","pack_version","created_at","updated_at") VALUES (7,7,'general','General',NULL,NULL,NULL,'mixed',0,'1.0.0','2026-05-12 04:06:41','2026-05-12 04:06:41');
INSERT INTO "course_components" ("id","course_template_id","code","name","weight_pct","duration_minutes","question_count","question_format","sort_order","pack_version","created_at","updated_at") VALUES (8,8,'reading','Reading',NULL,NULL,NULL,'mixed',0,'1.0.0','2026-05-12 04:06:41','2026-05-12 04:06:41');
INSERT INTO "course_components" ("id","course_template_id","code","name","weight_pct","duration_minutes","question_count","question_format","sort_order","pack_version","created_at","updated_at") VALUES (9,8,'writing','Writing',NULL,NULL,NULL,'free_response_writing',1,'1.0.0','2026-05-12 04:06:41','2026-05-12 04:06:41');
INSERT INTO "course_components" ("id","course_template_id","code","name","weight_pct","duration_minutes","question_count","question_format","sort_order","pack_version","created_at","updated_at") VALUES (10,8,'conventions_of_language','Conventions of Language',NULL,NULL,NULL,'cloze',2,'1.0.0','2026-05-12 04:06:41','2026-05-12 04:06:41');
INSERT INTO "course_components" ("id","course_template_id","code","name","weight_pct","duration_minutes","question_count","question_format","sort_order","pack_version","created_at","updated_at") VALUES (11,8,'numeracy','Numeracy',NULL,NULL,NULL,'mixed',3,'1.0.0','2026-05-12 04:06:41','2026-05-12 04:06:41');
INSERT INTO "course_components" ("id","course_template_id","code","name","weight_pct","duration_minutes","question_count","question_format","sort_order","pack_version","created_at","updated_at") VALUES (12,9,'reading','Reading',NULL,NULL,NULL,'mixed',0,'1.0.0','2026-05-12 04:06:41','2026-05-12 04:06:41');
INSERT INTO "course_components" ("id","course_template_id","code","name","weight_pct","duration_minutes","question_count","question_format","sort_order","pack_version","created_at","updated_at") VALUES (13,9,'writing','Writing',NULL,NULL,NULL,'free_response_writing',1,'1.0.0','2026-05-12 04:06:41','2026-05-12 04:06:41');
INSERT INTO "course_components" ("id","course_template_id","code","name","weight_pct","duration_minutes","question_count","question_format","sort_order","pack_version","created_at","updated_at") VALUES (14,9,'conventions_of_language','Conventions of Language',NULL,NULL,NULL,'cloze',2,'1.0.0','2026-05-12 04:06:41','2026-05-12 04:06:41');
INSERT INTO "course_components" ("id","course_template_id","code","name","weight_pct","duration_minutes","question_count","question_format","sort_order","pack_version","created_at","updated_at") VALUES (15,9,'numeracy','Numeracy',NULL,NULL,NULL,'mixed',3,'1.0.0','2026-05-12 04:06:41','2026-05-12 04:06:41');
INSERT INTO "course_components" ("id","course_template_id","code","name","weight_pct","duration_minutes","question_count","question_format","sort_order","pack_version","created_at","updated_at") VALUES (16,10,'general','General',NULL,NULL,NULL,'mixed',0,'1.0.0','2026-05-12 04:06:41','2026-05-12 04:06:41');
INSERT INTO "course_components" ("id","course_template_id","code","name","weight_pct","duration_minutes","question_count","question_format","sort_order","pack_version","created_at","updated_at") VALUES (17,11,'reading','Reading',33.33,30,25,'multi_part_mcq',0,'1.0.0','2026-05-12 04:06:41','2026-05-12 04:06:41');
INSERT INTO "course_components" ("id","course_template_id","code","name","weight_pct","duration_minutes","question_count","question_format","sort_order","pack_version","created_at","updated_at") VALUES (18,11,'maths_reasoning','Mathematical Reasoning',33.33,40,35,'multiple_choice',1,'1.0.0','2026-05-12 04:06:41','2026-05-12 04:06:41');
INSERT INTO "course_components" ("id","course_template_id","code","name","weight_pct","duration_minutes","question_count","question_format","sort_order","pack_version","created_at","updated_at") VALUES (19,11,'thinking_skills','Thinking Skills',33.34,30,30,'multiple_choice',2,'1.0.0','2026-05-12 04:06:41','2026-05-12 04:06:41');
INSERT INTO "course_components" ("id","course_template_id","code","name","weight_pct","duration_minutes","question_count","question_format","sort_order","pack_version","created_at","updated_at") VALUES (20,12,'reading','Reading',33.33,30,25,'multi_part_mcq',0,'1.0.0','2026-05-12 04:06:41','2026-05-12 04:06:41');
INSERT INTO "course_components" ("id","course_template_id","code","name","weight_pct","duration_minutes","question_count","question_format","sort_order","pack_version","created_at","updated_at") VALUES (21,12,'maths_reasoning','Mathematical Reasoning',33.33,40,35,'multiple_choice',1,'1.0.0','2026-05-12 04:06:41','2026-05-12 04:06:41');
INSERT INTO "course_components" ("id","course_template_id","code","name","weight_pct","duration_minutes","question_count","question_format","sort_order","pack_version","created_at","updated_at") VALUES (22,12,'thinking_skills','Thinking Skills',33.34,30,30,'multiple_choice',2,'1.0.0','2026-05-12 04:06:41','2026-05-12 04:06:41');
INSERT INTO "course_components" ("id","course_template_id","code","name","weight_pct","duration_minutes","question_count","question_format","sort_order","pack_version","created_at","updated_at") VALUES (23,13,'general','General',NULL,NULL,NULL,'mixed',0,'1.0.0','2026-05-12 04:06:41','2026-05-12 04:06:41');
INSERT INTO "course_components" ("id","course_template_id","code","name","weight_pct","duration_minutes","question_count","question_format","sort_order","pack_version","created_at","updated_at") VALUES (24,14,'reading','Reading',NULL,NULL,NULL,'mixed',0,'1.0.0','2026-05-12 04:06:41','2026-05-12 04:06:41');
INSERT INTO "course_components" ("id","course_template_id","code","name","weight_pct","duration_minutes","question_count","question_format","sort_order","pack_version","created_at","updated_at") VALUES (25,14,'writing','Writing',NULL,NULL,NULL,'free_response_writing',1,'1.0.0','2026-05-12 04:06:41','2026-05-12 04:06:41');
INSERT INTO "course_components" ("id","course_template_id","code","name","weight_pct","duration_minutes","question_count","question_format","sort_order","pack_version","created_at","updated_at") VALUES (26,14,'conventions_of_language','Conventions of Language',NULL,NULL,NULL,'cloze',2,'1.0.0','2026-05-12 04:06:41','2026-05-12 04:06:41');
INSERT INTO "course_components" ("id","course_template_id","code","name","weight_pct","duration_minutes","question_count","question_format","sort_order","pack_version","created_at","updated_at") VALUES (27,14,'numeracy','Numeracy',NULL,NULL,NULL,'mixed',3,'1.0.0','2026-05-12 04:06:41','2026-05-12 04:06:41');
INSERT INTO "course_components" ("id","course_template_id","code","name","weight_pct","duration_minutes","question_count","question_format","sort_order","pack_version","created_at","updated_at") VALUES (28,15,'reading','Reading',NULL,NULL,NULL,'mixed',0,'1.0.0','2026-05-12 04:06:41','2026-05-12 04:06:41');
INSERT INTO "course_components" ("id","course_template_id","code","name","weight_pct","duration_minutes","question_count","question_format","sort_order","pack_version","created_at","updated_at") VALUES (29,15,'writing','Writing',NULL,NULL,NULL,'free_response_writing',1,'1.0.0','2026-05-12 04:06:41','2026-05-12 04:06:41');
INSERT INTO "course_components" ("id","course_template_id","code","name","weight_pct","duration_minutes","question_count","question_format","sort_order","pack_version","created_at","updated_at") VALUES (30,15,'conventions_of_language','Conventions of Language',NULL,NULL,NULL,'cloze',2,'1.0.0','2026-05-12 04:06:41','2026-05-12 04:06:41');
INSERT INTO "course_components" ("id","course_template_id","code","name","weight_pct","duration_minutes","question_count","question_format","sort_order","pack_version","created_at","updated_at") VALUES (31,15,'numeracy','Numeracy',NULL,NULL,NULL,'mixed',3,'1.0.0','2026-05-12 04:06:41','2026-05-12 04:06:41');
INSERT INTO "course_components" ("id","course_template_id","code","name","weight_pct","duration_minutes","question_count","question_format","sort_order","pack_version","created_at","updated_at") VALUES (32,16,'general','General',NULL,NULL,NULL,'mixed',0,'1.0.0','2026-05-12 04:06:41','2026-05-12 04:06:41');
INSERT INTO "course_components" ("id","course_template_id","code","name","weight_pct","duration_minutes","question_count","question_format","sort_order","pack_version","created_at","updated_at") VALUES (33,17,'reading','Reading',25,40,NULL,'multi_part_mcq',0,'1.0.0','2026-05-12 04:06:41','2026-05-12 04:06:41');
INSERT INTO "course_components" ("id","course_template_id","code","name","weight_pct","duration_minutes","question_count","question_format","sort_order","pack_version","created_at","updated_at") VALUES (34,17,'maths_reasoning','Mathematical Reasoning',25,40,NULL,'multiple_choice',1,'1.0.0','2026-05-12 04:06:41','2026-05-12 04:06:41');
INSERT INTO "course_components" ("id","course_template_id","code","name","weight_pct","duration_minutes","question_count","question_format","sort_order","pack_version","created_at","updated_at") VALUES (35,17,'thinking_skills','Thinking Skills',25,40,NULL,'multiple_choice',2,'1.0.0','2026-05-12 04:06:41','2026-05-12 04:06:41');
INSERT INTO "course_components" ("id","course_template_id","code","name","weight_pct","duration_minutes","question_count","question_format","sort_order","pack_version","created_at","updated_at") VALUES (36,17,'writing','Writing',25,30,NULL,'free_response_writing',3,'1.0.0','2026-05-12 04:06:41','2026-05-12 04:06:41');
INSERT INTO "course_components" ("id","course_template_id","code","name","weight_pct","duration_minutes","question_count","question_format","sort_order","pack_version","created_at","updated_at") VALUES (37,18,'reading','Reading',25,40,NULL,'multi_part_mcq',0,'1.0.0','2026-05-12 04:06:41','2026-05-12 04:06:41');
INSERT INTO "course_components" ("id","course_template_id","code","name","weight_pct","duration_minutes","question_count","question_format","sort_order","pack_version","created_at","updated_at") VALUES (38,18,'maths_reasoning','Mathematical Reasoning',25,40,NULL,'multiple_choice',1,'1.0.0','2026-05-12 04:06:41','2026-05-12 04:06:41');
INSERT INTO "course_components" ("id","course_template_id","code","name","weight_pct","duration_minutes","question_count","question_format","sort_order","pack_version","created_at","updated_at") VALUES (39,18,'thinking_skills','Thinking Skills',25,40,NULL,'multiple_choice',2,'1.0.0','2026-05-12 04:06:41','2026-05-12 04:06:41');
INSERT INTO "course_components" ("id","course_template_id","code","name","weight_pct","duration_minutes","question_count","question_format","sort_order","pack_version","created_at","updated_at") VALUES (40,18,'writing','Writing',25,30,NULL,'free_response_writing',3,'1.0.0','2026-05-12 04:06:41','2026-05-12 04:06:41');
INSERT INTO "course_components" ("id","course_template_id","code","name","weight_pct","duration_minutes","question_count","question_format","sort_order","pack_version","created_at","updated_at") VALUES (41,19,'general','General',NULL,NULL,NULL,'mixed',0,'1.0.0','2026-05-12 04:06:41','2026-05-12 04:06:41');
INSERT INTO "course_components" ("id","course_template_id","code","name","weight_pct","duration_minutes","question_count","question_format","sort_order","pack_version","created_at","updated_at") VALUES (42,20,'reading','Reading',NULL,NULL,NULL,'mixed',0,'1.0.0','2026-05-12 04:06:41','2026-05-12 04:06:41');
INSERT INTO "course_components" ("id","course_template_id","code","name","weight_pct","duration_minutes","question_count","question_format","sort_order","pack_version","created_at","updated_at") VALUES (43,20,'writing','Writing',NULL,NULL,NULL,'free_response_writing',1,'1.0.0','2026-05-12 04:06:41','2026-05-12 04:06:41');
INSERT INTO "course_components" ("id","course_template_id","code","name","weight_pct","duration_minutes","question_count","question_format","sort_order","pack_version","created_at","updated_at") VALUES (44,20,'conventions_of_language','Conventions of Language',NULL,NULL,NULL,'cloze',2,'1.0.0','2026-05-12 04:06:41','2026-05-12 04:06:41');
INSERT INTO "course_components" ("id","course_template_id","code","name","weight_pct","duration_minutes","question_count","question_format","sort_order","pack_version","created_at","updated_at") VALUES (45,20,'numeracy','Numeracy',NULL,NULL,NULL,'mixed',3,'1.0.0','2026-05-12 04:06:41','2026-05-12 04:06:41');
INSERT INTO "course_components" ("id","course_template_id","code","name","weight_pct","duration_minutes","question_count","question_format","sort_order","pack_version","created_at","updated_at") VALUES (46,21,'reading','Reading',NULL,NULL,NULL,'mixed',0,'1.0.0','2026-05-12 04:06:41','2026-05-12 04:06:41');
INSERT INTO "course_components" ("id","course_template_id","code","name","weight_pct","duration_minutes","question_count","question_format","sort_order","pack_version","created_at","updated_at") VALUES (47,21,'writing','Writing',NULL,NULL,NULL,'free_response_writing',1,'1.0.0','2026-05-12 04:06:41','2026-05-12 04:06:41');
INSERT INTO "course_components" ("id","course_template_id","code","name","weight_pct","duration_minutes","question_count","question_format","sort_order","pack_version","created_at","updated_at") VALUES (48,21,'conventions_of_language','Conventions of Language',NULL,NULL,NULL,'cloze',2,'1.0.0','2026-05-12 04:06:41','2026-05-12 04:06:41');
INSERT INTO "course_components" ("id","course_template_id","code","name","weight_pct","duration_minutes","question_count","question_format","sort_order","pack_version","created_at","updated_at") VALUES (49,21,'numeracy','Numeracy',NULL,NULL,NULL,'mixed',3,'1.0.0','2026-05-12 04:06:41','2026-05-12 04:06:41');
INSERT INTO "course_components" ("id","course_template_id","code","name","weight_pct","duration_minutes","question_count","question_format","sort_order","pack_version","created_at","updated_at") VALUES (50,22,'general','General',NULL,NULL,NULL,'mixed',0,'1.0.0','2026-05-12 04:06:41','2026-05-12 04:06:41');
INSERT INTO "course_components" ("id","course_template_id","code","name","weight_pct","duration_minutes","question_count","question_format","sort_order","pack_version","created_at","updated_at") VALUES (51,23,'general','General',NULL,NULL,NULL,'mixed',0,'1.0.0','2026-05-12 04:06:41','2026-05-12 04:06:41');
INSERT INTO "course_components" ("id","course_template_id","code","name","weight_pct","duration_minutes","question_count","question_format","sort_order","pack_version","created_at","updated_at") VALUES (52,24,'general','General',NULL,NULL,NULL,'mixed',0,'1.0.0','2026-05-12 04:06:41','2026-05-12 04:06:41');
INSERT INTO "course_components" ("id","course_template_id","code","name","weight_pct","duration_minutes","question_count","question_format","sort_order","pack_version","created_at","updated_at") VALUES (53,25,'general','General',NULL,NULL,NULL,'mixed',0,'1.0.0','2026-05-12 04:06:41','2026-05-12 04:06:41');
INSERT INTO "course_components" ("id","course_template_id","code","name","weight_pct","duration_minutes","question_count","question_format","sort_order","pack_version","created_at","updated_at") VALUES (54,26,'reading','Reading',NULL,NULL,NULL,'mixed',0,'1.0.0','2026-05-12 04:06:41','2026-05-12 04:06:41');
INSERT INTO "course_components" ("id","course_template_id","code","name","weight_pct","duration_minutes","question_count","question_format","sort_order","pack_version","created_at","updated_at") VALUES (55,26,'writing','Writing',NULL,NULL,NULL,'free_response_writing',1,'1.0.0','2026-05-12 04:06:41','2026-05-12 04:06:41');
INSERT INTO "course_components" ("id","course_template_id","code","name","weight_pct","duration_minutes","question_count","question_format","sort_order","pack_version","created_at","updated_at") VALUES (56,26,'conventions_of_language','Conventions of Language',NULL,NULL,NULL,'cloze',2,'1.0.0','2026-05-12 04:06:41','2026-05-12 04:06:41');
INSERT INTO "course_components" ("id","course_template_id","code","name","weight_pct","duration_minutes","question_count","question_format","sort_order","pack_version","created_at","updated_at") VALUES (57,26,'numeracy','Numeracy',NULL,NULL,NULL,'mixed',3,'1.0.0','2026-05-12 04:06:41','2026-05-12 04:06:41');
INSERT INTO "course_components" ("id","course_template_id","code","name","weight_pct","duration_minutes","question_count","question_format","sort_order","pack_version","created_at","updated_at") VALUES (58,27,'reading','Reading',NULL,NULL,NULL,'mixed',0,'1.0.0','2026-05-12 04:06:41','2026-05-12 04:06:41');
INSERT INTO "course_components" ("id","course_template_id","code","name","weight_pct","duration_minutes","question_count","question_format","sort_order","pack_version","created_at","updated_at") VALUES (59,27,'writing','Writing',NULL,NULL,NULL,'free_response_writing',1,'1.0.0','2026-05-12 04:06:41','2026-05-12 04:06:41');
INSERT INTO "course_components" ("id","course_template_id","code","name","weight_pct","duration_minutes","question_count","question_format","sort_order","pack_version","created_at","updated_at") VALUES (60,27,'conventions_of_language','Conventions of Language',NULL,NULL,NULL,'cloze',2,'1.0.0','2026-05-12 04:06:41','2026-05-12 04:06:41');
INSERT INTO "course_components" ("id","course_template_id","code","name","weight_pct","duration_minutes","question_count","question_format","sort_order","pack_version","created_at","updated_at") VALUES (61,27,'numeracy','Numeracy',NULL,NULL,NULL,'mixed',3,'1.0.0','2026-05-12 04:06:41','2026-05-12 04:06:41');
INSERT INTO "course_components" ("id","course_template_id","code","name","weight_pct","duration_minutes","question_count","question_format","sort_order","pack_version","created_at","updated_at") VALUES (62,28,'general','General',NULL,NULL,NULL,'mixed',0,'1.0.0','2026-05-12 04:06:41','2026-05-12 04:06:41');
INSERT INTO "course_components" ("id","course_template_id","code","name","weight_pct","duration_minutes","question_count","question_format","sort_order","pack_version","created_at","updated_at") VALUES (63,29,'general','General',NULL,NULL,NULL,'mixed',0,'1.0.0','2026-05-12 04:06:41','2026-05-12 04:06:41');
INSERT INTO "course_components" ("id","course_template_id","code","name","weight_pct","duration_minutes","question_count","question_format","sort_order","pack_version","created_at","updated_at") VALUES (64,30,'general','General',NULL,NULL,NULL,'mixed',0,'1.0.0','2026-05-12 04:06:41','2026-05-12 04:06:41');
INSERT INTO "course_components" ("id","course_template_id","code","name","weight_pct","duration_minutes","question_count","question_format","sort_order","pack_version","created_at","updated_at") VALUES (65,31,'general','General',NULL,NULL,NULL,'mixed',0,'1.0.0','2026-05-12 04:06:41','2026-05-12 04:06:41');
INSERT INTO "course_components" ("id","course_template_id","code","name","weight_pct","duration_minutes","question_count","question_format","sort_order","pack_version","created_at","updated_at") VALUES (66,32,'general','General',NULL,NULL,NULL,'mixed',0,'1.0.0','2026-05-12 04:06:41','2026-05-12 04:06:41');
INSERT INTO "course_components" ("id","course_template_id","code","name","weight_pct","duration_minutes","question_count","question_format","sort_order","pack_version","created_at","updated_at") VALUES (67,33,'general','General',NULL,NULL,NULL,'mixed',0,'1.0.0','2026-05-12 04:06:41','2026-05-12 04:06:41');
INSERT INTO "course_components" ("id","course_template_id","code","name","weight_pct","duration_minutes","question_count","question_format","sort_order","pack_version","created_at","updated_at") VALUES (68,34,'general','General',NULL,NULL,NULL,'mixed',0,'1.0.0','2026-05-12 04:06:41','2026-05-12 04:06:41');
INSERT INTO "course_components" ("id","course_template_id","code","name","weight_pct","duration_minutes","question_count","question_format","sort_order","pack_version","created_at","updated_at") VALUES (69,35,'general','General',NULL,NULL,NULL,'mixed',0,'1.0.0','2026-05-12 04:06:41','2026-05-12 04:06:41');
INSERT INTO "course_components" ("id","course_template_id","code","name","weight_pct","duration_minutes","question_count","question_format","sort_order","pack_version","created_at","updated_at") VALUES (70,36,'general','General',NULL,NULL,NULL,'mixed',0,'1.0.0','2026-05-12 04:06:41','2026-05-12 04:06:41');

-- course_offerings (5 rows)
INSERT INTO "course_offerings" ("id","business_id","course_template_id","tutor_id","academic_year_id","created_by_user_id","name","target_test_date","starts_on","ends_on","capacity","status","notes","created_at","updated_at","description","course_id","year_group_id","subject_id","level") VALUES (1,9,17,8,NULL,12,'Smoke Selective Saturday cohort','2026-10-15 00:00:00','2026-05-15 00:00:00','2026-09-30 00:00:00',8,'active',NULL,'2026-05-12 04:40:29','2026-05-12 04:40:29',NULL,NULL,NULL,NULL,NULL);
INSERT INTO "course_offerings" ("id","business_id","course_template_id","tutor_id","academic_year_id","created_by_user_id","name","target_test_date","starts_on","ends_on","capacity","status","notes","created_at","updated_at","description","course_id","year_group_id","subject_id","level") VALUES (2,9,NULL,8,NULL,12,'Cross-Year Saturday Writing Bootcamp',NULL,'2026-06-01 00:00:00','2026-09-30 00:00:00',12,'draft',NULL,'2026-05-12 10:44:46','2026-05-12 10:44:46','Custom course for Y5/Y6 students preparing for selective writing',NULL,NULL,NULL,NULL);
INSERT INTO "course_offerings" ("id","business_id","course_template_id","tutor_id","academic_year_id","created_by_user_id","name","target_test_date","starts_on","ends_on","capacity","status","notes","created_at","updated_at","description","course_id","year_group_id","subject_id","level") VALUES (3,1,1,1,NULL,2,'K Foundations cohort',NULL,'2026-01-01 00:00:00','2026-12-01 00:00:00',NULL,'archived',NULL,'2026-05-13 01:28:17','2026-05-13 01:29:38',NULL,NULL,NULL,NULL,NULL);
INSERT INTO "course_offerings" ("id","business_id","course_template_id","tutor_id","academic_year_id","created_by_user_id","name","target_test_date","starts_on","ends_on","capacity","status","notes","created_at","updated_at","description","course_id","year_group_id","subject_id","level") VALUES (4,9,NULL,8,NULL,12,'Foundation Y4 Maths Tuesdays 4pm',NULL,'2026-06-01 00:00:00','2026-09-30 00:00:00',NULL,'draft',NULL,'2026-05-13 03:59:38','2026-05-13 03:59:38',NULL,1,5,2,NULL);
INSERT INTO "course_offerings" ("id","business_id","course_template_id","tutor_id","academic_year_id","created_by_user_id","name","target_test_date","starts_on","ends_on","capacity","status","notes","created_at","updated_at","description","course_id","year_group_id","subject_id","level") VALUES (5,1,2,1,NULL,2,'K WEMT',NULL,'2026-02-02 00:00:00','2026-12-18 00:00:00',NULL,'active',NULL,'2026-05-14 02:04:41','2026-05-14 02:05:21',NULL,4,1,1,NULL);

-- course_templates (36 rows)
INSERT INTO "course_templates" ("id","state_code","year_group_code","kind","test_alignment","code","name","short_name","description","sort_order","pack_version","is_active","created_at","updated_at") VALUES (1,'NSW','K','foundations',NULL,'nsw_yk_foundations','Kindergarten Foundations','K Foundations','Foundational skills for Kindergarten students. Year-appropriate content not tied to any specific test.',0,'1.0.0',1,'2026-05-12 04:06:41','2026-05-12 04:06:41');
INSERT INTO "course_templates" ("id","state_code","year_group_code","kind","test_alignment","code","name","short_name","description","sort_order","pack_version","is_active","created_at","updated_at") VALUES (2,'NSW','K','theory',NULL,'nsw_yk_wemt','Kindergarten WEMT (Theory)','K WEMT','Weekly theory for Kindergarten students. General year-level content.',1,'1.0.0',1,'2026-05-12 04:06:41','2026-05-12 04:06:41');
INSERT INTO "course_templates" ("id","state_code","year_group_code","kind","test_alignment","code","name","short_name","description","sort_order","pack_version","is_active","created_at","updated_at") VALUES (3,'NSW','Y1','foundations',NULL,'nsw_y1_foundations','Year 1 Foundations','Y1 Foundations','Foundational skills for Year 1 students. Year-appropriate content not tied to any specific test.',10,'1.0.0',1,'2026-05-12 04:06:41','2026-05-12 04:06:41');
INSERT INTO "course_templates" ("id","state_code","year_group_code","kind","test_alignment","code","name","short_name","description","sort_order","pack_version","is_active","created_at","updated_at") VALUES (4,'NSW','Y1','theory',NULL,'nsw_y1_wemt','Year 1 WEMT (Theory)','Y1 WEMT','Weekly theory for Year 1 students. General year-level content.',11,'1.0.0',1,'2026-05-12 04:06:41','2026-05-12 04:06:41');
INSERT INTO "course_templates" ("id","state_code","year_group_code","kind","test_alignment","code","name","short_name","description","sort_order","pack_version","is_active","created_at","updated_at") VALUES (5,'NSW','Y2','foundations',NULL,'nsw_y2_foundations','Year 2 Foundations','Y2 Foundations','Foundational skills for Year 2 students. Year-appropriate content not tied to any specific test.',20,'1.0.0',1,'2026-05-12 04:06:41','2026-05-12 04:06:41');
INSERT INTO "course_templates" ("id","state_code","year_group_code","kind","test_alignment","code","name","short_name","description","sort_order","pack_version","is_active","created_at","updated_at") VALUES (6,'NSW','Y2','theory',NULL,'nsw_y2_wemt','Year 2 WEMT (Theory)','Y2 WEMT','Weekly theory for Year 2 students. General year-level content.',21,'1.0.0',1,'2026-05-12 04:06:41','2026-05-12 04:06:41');
INSERT INTO "course_templates" ("id","state_code","year_group_code","kind","test_alignment","code","name","short_name","description","sort_order","pack_version","is_active","created_at","updated_at") VALUES (7,'NSW','Y3','foundations',NULL,'nsw_y3_foundations','Year 3 Foundations','Y3 Foundations','Foundational skills for Year 3 students. Year-appropriate content not tied to any specific test.',30,'1.0.0',1,'2026-05-12 04:06:41','2026-05-12 04:06:41');
INSERT INTO "course_templates" ("id","state_code","year_group_code","kind","test_alignment","code","name","short_name","description","sort_order","pack_version","is_active","created_at","updated_at") VALUES (8,'NSW','Y3','theory','naplan_y3','nsw_y3_wemt','Year 3 NAPLAN WEMT (Theory)','Y3 NAPLAN WEMT','Theory and practice for the Year 3 NAPLAN assessment. Four domains: Reading, Writing, Conventions of Language, Numeracy.',31,'1.0.0',1,'2026-05-12 04:06:41','2026-05-12 04:06:41');
INSERT INTO "course_templates" ("id","state_code","year_group_code","kind","test_alignment","code","name","short_name","description","sort_order","pack_version","is_active","created_at","updated_at") VALUES (9,'NSW','Y3','mock_tests','naplan_y3','nsw_y3_mock_tests','Year 3 NAPLAN Mock Tests','Y3 NAPLAN Mock','Mock NAPLAN tests in the four NAPLAN domains for Year 3.',32,'1.0.0',1,'2026-05-12 04:06:41','2026-05-12 04:06:41');
INSERT INTO "course_templates" ("id","state_code","year_group_code","kind","test_alignment","code","name","short_name","description","sort_order","pack_version","is_active","created_at","updated_at") VALUES (10,'NSW','Y4','foundations',NULL,'nsw_y4_foundations','Year 4 Foundations','Y4 Foundations','Foundational skills for Year 4 students. Year-appropriate content not tied to any specific test.',40,'1.0.0',1,'2026-05-12 04:06:41','2026-05-12 04:06:41');
INSERT INTO "course_templates" ("id","state_code","year_group_code","kind","test_alignment","code","name","short_name","description","sort_order","pack_version","is_active","created_at","updated_at") VALUES (11,'NSW','Y4','theory','oc','nsw_y4_wemt','Year 4 OC WEMT (Theory)','Y4 OC WEMT','Theory and practice for the NSW Opportunity Class Placement Test. Three sections: Reading, Mathematical Reasoning, Thinking Skills.',41,'1.0.0',1,'2026-05-12 04:06:41','2026-05-12 04:06:41');
INSERT INTO "course_templates" ("id","state_code","year_group_code","kind","test_alignment","code","name","short_name","description","sort_order","pack_version","is_active","created_at","updated_at") VALUES (12,'NSW','Y4','mock_tests','oc','nsw_y4_mock_tests','Year 4 OCTT (OC Mock Tests)','Y4 OCTT','Mock OC Placement Tests in the same section structure as the real test.',42,'1.0.0',1,'2026-05-12 04:06:41','2026-05-12 04:06:41');
INSERT INTO "course_templates" ("id","state_code","year_group_code","kind","test_alignment","code","name","short_name","description","sort_order","pack_version","is_active","created_at","updated_at") VALUES (13,'NSW','Y5','foundations',NULL,'nsw_y5_foundations','Year 5 Foundations','Y5 Foundations','Foundational skills for Year 5 students. Year-appropriate content not tied to any specific test.',50,'1.0.0',1,'2026-05-12 04:06:41','2026-05-12 04:06:41');
INSERT INTO "course_templates" ("id","state_code","year_group_code","kind","test_alignment","code","name","short_name","description","sort_order","pack_version","is_active","created_at","updated_at") VALUES (14,'NSW','Y5','theory','naplan_y5','nsw_y5_wemt','Year 5 NAPLAN WEMT (Theory)','Y5 NAPLAN WEMT','Theory and practice for the Year 5 NAPLAN assessment. Four domains: Reading, Writing, Conventions of Language, Numeracy.',51,'1.0.0',1,'2026-05-12 04:06:41','2026-05-12 04:06:41');
INSERT INTO "course_templates" ("id","state_code","year_group_code","kind","test_alignment","code","name","short_name","description","sort_order","pack_version","is_active","created_at","updated_at") VALUES (15,'NSW','Y5','mock_tests','naplan_y5','nsw_y5_mock_tests','Year 5 NAPLAN Mock Tests','Y5 NAPLAN Mock','Mock NAPLAN tests in the four NAPLAN domains for Year 5.',52,'1.0.0',1,'2026-05-12 04:06:41','2026-05-12 04:06:41');
INSERT INTO "course_templates" ("id","state_code","year_group_code","kind","test_alignment","code","name","short_name","description","sort_order","pack_version","is_active","created_at","updated_at") VALUES (16,'NSW','Y6','foundations',NULL,'nsw_y6_foundations','Year 6 Foundations','Y6 Foundations','Foundational skills for Year 6 students. Year-appropriate content not tied to any specific test.',60,'1.0.0',1,'2026-05-12 04:06:41','2026-05-12 04:06:41');
INSERT INTO "course_templates" ("id","state_code","year_group_code","kind","test_alignment","code","name","short_name","description","sort_order","pack_version","is_active","created_at","updated_at") VALUES (17,'NSW','Y6','theory','selective','nsw_y6_wemt','Year 6 Selective WEMT (Theory)','Y6 Selective WEMT','Theory and practice for the NSW Selective High School Placement Test. Four sections: Reading, Mathematical Reasoning, Thinking Skills, Writing.',61,'1.0.0',1,'2026-05-12 04:06:41','2026-05-12 04:06:41');
INSERT INTO "course_templates" ("id","state_code","year_group_code","kind","test_alignment","code","name","short_name","description","sort_order","pack_version","is_active","created_at","updated_at") VALUES (18,'NSW','Y6','mock_tests','selective','nsw_y6_mock_tests','Year 6 STTC (Selective Mock Tests)','Y6 STTC','Mock Selective High School Placement Tests in the same section structure as the real test.',62,'1.0.0',1,'2026-05-12 04:06:41','2026-05-12 04:06:41');
INSERT INTO "course_templates" ("id","state_code","year_group_code","kind","test_alignment","code","name","short_name","description","sort_order","pack_version","is_active","created_at","updated_at") VALUES (19,'NSW','Y7','foundations',NULL,'nsw_y7_foundations','Year 7 Foundations','Y7 Foundations','Foundational skills for Year 7 students. Year-appropriate content not tied to any specific test.',70,'1.0.0',1,'2026-05-12 04:06:41','2026-05-12 04:06:41');
INSERT INTO "course_templates" ("id","state_code","year_group_code","kind","test_alignment","code","name","short_name","description","sort_order","pack_version","is_active","created_at","updated_at") VALUES (20,'NSW','Y7','theory','naplan_y7','nsw_y7_wemt','Year 7 NAPLAN WEMT (Theory)','Y7 NAPLAN WEMT','Theory and practice for the Year 7 NAPLAN assessment. Four domains: Reading, Writing, Conventions of Language, Numeracy.',71,'1.0.0',1,'2026-05-12 04:06:41','2026-05-12 04:06:41');
INSERT INTO "course_templates" ("id","state_code","year_group_code","kind","test_alignment","code","name","short_name","description","sort_order","pack_version","is_active","created_at","updated_at") VALUES (21,'NSW','Y7','mock_tests','naplan_y7','nsw_y7_mock_tests','Year 7 NAPLAN Mock Tests','Y7 NAPLAN Mock','Mock NAPLAN tests in the four NAPLAN domains for Year 7.',72,'1.0.0',1,'2026-05-12 04:06:41','2026-05-12 04:06:41');
INSERT INTO "course_templates" ("id","state_code","year_group_code","kind","test_alignment","code","name","short_name","description","sort_order","pack_version","is_active","created_at","updated_at") VALUES (22,'NSW','Y8','foundations',NULL,'nsw_y8_foundations','Year 8 Foundations','Y8 Foundations','Foundational skills for Year 8 students. Year-appropriate content not tied to any specific test.',80,'1.0.0',1,'2026-05-12 04:06:41','2026-05-12 04:06:41');
INSERT INTO "course_templates" ("id","state_code","year_group_code","kind","test_alignment","code","name","short_name","description","sort_order","pack_version","is_active","created_at","updated_at") VALUES (23,'NSW','Y8','theory',NULL,'nsw_y8_wemt','Year 8 WEMT (Theory)','Y8 WEMT','Weekly theory for Year 8 students. General year-level content.',81,'1.0.0',1,'2026-05-12 04:06:41','2026-05-12 04:06:41');
INSERT INTO "course_templates" ("id","state_code","year_group_code","kind","test_alignment","code","name","short_name","description","sort_order","pack_version","is_active","created_at","updated_at") VALUES (24,'NSW','Y8','mock_tests',NULL,'nsw_y8_mock_tests','Year 8 Mock Tests','Y8 Mocks','General timed practice tests for Year 8 students.',82,'1.0.0',1,'2026-05-12 04:06:41','2026-05-12 04:06:41');
INSERT INTO "course_templates" ("id","state_code","year_group_code","kind","test_alignment","code","name","short_name","description","sort_order","pack_version","is_active","created_at","updated_at") VALUES (25,'NSW','Y9','foundations',NULL,'nsw_y9_foundations','Year 9 Foundations','Y9 Foundations','Foundational skills for Year 9 students. Year-appropriate content not tied to any specific test.',90,'1.0.0',1,'2026-05-12 04:06:41','2026-05-12 04:06:41');
INSERT INTO "course_templates" ("id","state_code","year_group_code","kind","test_alignment","code","name","short_name","description","sort_order","pack_version","is_active","created_at","updated_at") VALUES (26,'NSW','Y9','theory','naplan_y9','nsw_y9_wemt','Year 9 NAPLAN WEMT (Theory)','Y9 NAPLAN WEMT','Theory and practice for the Year 9 NAPLAN assessment. Four domains: Reading, Writing, Conventions of Language, Numeracy.',91,'1.0.0',1,'2026-05-12 04:06:41','2026-05-12 04:06:41');
INSERT INTO "course_templates" ("id","state_code","year_group_code","kind","test_alignment","code","name","short_name","description","sort_order","pack_version","is_active","created_at","updated_at") VALUES (27,'NSW','Y9','mock_tests','naplan_y9','nsw_y9_mock_tests','Year 9 NAPLAN Mock Tests','Y9 NAPLAN Mock','Mock NAPLAN tests in the four NAPLAN domains for Year 9.',92,'1.0.0',1,'2026-05-12 04:06:41','2026-05-12 04:06:41');
INSERT INTO "course_templates" ("id","state_code","year_group_code","kind","test_alignment","code","name","short_name","description","sort_order","pack_version","is_active","created_at","updated_at") VALUES (28,'NSW','Y10','foundations',NULL,'nsw_y10_foundations','Year 10 Foundations','Y10 Foundations','Foundational skills for Year 10 students. Year-appropriate content not tied to any specific test.',100,'1.0.0',1,'2026-05-12 04:06:41','2026-05-12 04:06:41');
INSERT INTO "course_templates" ("id","state_code","year_group_code","kind","test_alignment","code","name","short_name","description","sort_order","pack_version","is_active","created_at","updated_at") VALUES (29,'NSW','Y10','theory',NULL,'nsw_y10_wemt','Year 10 WEMT (Theory)','Y10 WEMT','Weekly theory for Year 10 students. General year-level content.',101,'1.0.0',1,'2026-05-12 04:06:41','2026-05-12 04:06:41');
INSERT INTO "course_templates" ("id","state_code","year_group_code","kind","test_alignment","code","name","short_name","description","sort_order","pack_version","is_active","created_at","updated_at") VALUES (30,'NSW','Y10','mock_tests',NULL,'nsw_y10_mock_tests','Year 10 Mock Tests','Y10 Mocks','General timed practice tests for Year 10 students.',102,'1.0.0',1,'2026-05-12 04:06:41','2026-05-12 04:06:41');
INSERT INTO "course_templates" ("id","state_code","year_group_code","kind","test_alignment","code","name","short_name","description","sort_order","pack_version","is_active","created_at","updated_at") VALUES (31,'NSW','Y11','foundations',NULL,'nsw_y11_foundations','Year 11 Foundations','Y11 Foundations','Foundational skills for Year 11 students. Year-appropriate content not tied to any specific test.',110,'1.0.0',1,'2026-05-12 04:06:41','2026-05-12 04:06:41');
INSERT INTO "course_templates" ("id","state_code","year_group_code","kind","test_alignment","code","name","short_name","description","sort_order","pack_version","is_active","created_at","updated_at") VALUES (32,'NSW','Y11','theory',NULL,'nsw_y11_wemt','Year 11 WEMT (Theory)','Y11 WEMT','Weekly theory for Year 11 students. General year-level content.',111,'1.0.0',1,'2026-05-12 04:06:41','2026-05-12 04:06:41');
INSERT INTO "course_templates" ("id","state_code","year_group_code","kind","test_alignment","code","name","short_name","description","sort_order","pack_version","is_active","created_at","updated_at") VALUES (33,'NSW','Y11','mock_tests',NULL,'nsw_y11_mock_tests','Year 11 Mock Tests','Y11 Mocks','General timed practice tests for Year 11 students.',112,'1.0.0',1,'2026-05-12 04:06:41','2026-05-12 04:06:41');
INSERT INTO "course_templates" ("id","state_code","year_group_code","kind","test_alignment","code","name","short_name","description","sort_order","pack_version","is_active","created_at","updated_at") VALUES (34,'NSW','Y12','foundations',NULL,'nsw_y12_foundations','Year 12 Foundations','Y12 Foundations','Foundational skills for Year 12 students. Year-appropriate content not tied to any specific test.',120,'1.0.0',1,'2026-05-12 04:06:41','2026-05-12 04:06:41');
INSERT INTO "course_templates" ("id","state_code","year_group_code","kind","test_alignment","code","name","short_name","description","sort_order","pack_version","is_active","created_at","updated_at") VALUES (35,'NSW','Y12','theory',NULL,'nsw_y12_wemt','Year 12 WEMT (Theory)','Y12 WEMT','Weekly theory for Year 12 students. General year-level content.',121,'1.0.0',1,'2026-05-12 04:06:41','2026-05-12 04:06:41');
INSERT INTO "course_templates" ("id","state_code","year_group_code","kind","test_alignment","code","name","short_name","description","sort_order","pack_version","is_active","created_at","updated_at") VALUES (36,'NSW','Y12','mock_tests',NULL,'nsw_y12_mock_tests','Year 12 Mock Tests','Y12 Mocks','General timed practice tests for Year 12 students.',122,'1.0.0',1,'2026-05-12 04:06:41','2026-05-12 04:06:41');

-- courses (4 rows)
INSERT INTO "courses" ("id","business_id","name","description","created_at","updated_at") VALUES (1,9,'Foundation','Year-level baseline classes','2026-05-13 03:59:37','2026-05-13 03:59:37');
INSERT INTO "courses" ("id","business_id","name","description","created_at","updated_at") VALUES (2,9,'OC Test Preparation','Year 4 prep for NSW OC','2026-05-13 03:59:38','2026-05-13 03:59:38');
INSERT INTO "courses" ("id","business_id","name","description","created_at","updated_at") VALUES (3,1,'Foundation',NULL,'2026-05-13 06:53:47','2026-05-13 06:53:47');
INSERT INTO "courses" ("id","business_id","name","description","created_at","updated_at") VALUES (4,1,'WEMT','W – Writing
E – English
M – Mathematics
T – Thinking Skills','2026-05-14 02:03:52','2026-05-14 02:03:52');

-- invitations (4 rows)
INSERT INTO "invitations" ("id","kind","business_id","email","first_name","last_name","token","expires_at","accepted_at","accepted_by_user_id","revoked_at","created_at","updated_at") VALUES (1,'business_owner',5,'newowner@example.com',NULL,NULL,'JW8YwMOElWkENh0hYT5I2vZYOUgdu0oMjg6NHm6ecxgBNs5YTTSgUhtzIultlTNH','2026-05-12 05:01:12','2026-05-05 05:01:13',7,NULL,'2026-05-05 05:01:12','2026-05-05 05:01:13');
INSERT INTO "invitations" ("id","kind","business_id","email","first_name","last_name","token","expires_at","accepted_at","accepted_by_user_id","revoked_at","created_at","updated_at") VALUES (2,'tutor',5,'newtutor@example.com','New','Tutor','WT4QN1UbOPuzKkRb7jYBLnt0d4L9ZvPktQigFAyzBAtNwmudk4ZVtwEMOrZl71eY','2026-05-12 05:01:14','2026-05-05 05:01:15',8,NULL,'2026-05-05 05:01:14','2026-05-05 05:01:15');
INSERT INTO "invitations" ("id","kind","business_id","email","first_name","last_name","token","expires_at","accepted_at","accepted_by_user_id","revoked_at","created_at","updated_at") VALUES (3,'business_owner',11,'invite-owner-112758@eslate.local',NULL,NULL,'5mNkFcNRVyOk35NpiuzTaRnAdl1GWQlOD0r6NNQV4tz5C0eH5WXNbqJoLTLBqf6t','2026-05-15 01:27:58','2026-05-08 01:27:58',14,NULL,'2026-05-08 01:27:58','2026-05-08 01:27:58');
INSERT INTO "invitations" ("id","kind","business_id","email","first_name","last_name","token","expires_at","accepted_at","accepted_by_user_id","revoked_at","created_at","updated_at") VALUES (4,'tutor',9,'invite-tutor-113021@eslate.local','Invite','Tutor','t4qChjAJLSqZ2k7Ea8OoTnXDrRTCghMd4JQWkJdFGQfBrsWBE9izZCCCJ72ov8Uj','2026-05-15 01:30:21','2026-05-08 01:30:22',15,NULL,'2026-05-08 01:30:21','2026-05-08 01:30:22');

-- migrations (37 rows)
INSERT INTO "migrations" ("id","migration","batch") VALUES (1,'0001_01_01_000000_create_users_table',1);
INSERT INTO "migrations" ("id","migration","batch") VALUES (2,'0001_01_01_000001_create_cache_table',1);
INSERT INTO "migrations" ("id","migration","batch") VALUES (3,'0001_01_01_000002_create_jobs_table',1);
INSERT INTO "migrations" ("id","migration","batch") VALUES (4,'2026_05_04_051733_create_personal_access_tokens_table',1);
INSERT INTO "migrations" ("id","migration","batch") VALUES (5,'2026_05_04_060001_add_role_to_users_table',1);
INSERT INTO "migrations" ("id","migration","batch") VALUES (6,'2026_05_04_060002_create_businesses_table',1);
INSERT INTO "migrations" ("id","migration","batch") VALUES (7,'2026_05_04_060003_create_tutors_table',1);
INSERT INTO "migrations" ("id","migration","batch") VALUES (8,'2026_05_04_060004_create_students_table',1);
INSERT INTO "migrations" ("id","migration","batch") VALUES (9,'2026_05_04_060005_create_student_tutors_table',1);
INSERT INTO "migrations" ("id","migration","batch") VALUES (10,'2026_05_04_070001_create_subjects_table',1);
INSERT INTO "migrations" ("id","migration","batch") VALUES (11,'2026_05_04_070002_create_year_groups_table',1);
INSERT INTO "migrations" ("id","migration","batch") VALUES (12,'2026_05_04_070003_create_academic_years_table',1);
INSERT INTO "migrations" ("id","migration","batch") VALUES (13,'2026_05_04_070004_create_academic_terms_table',1);
INSERT INTO "migrations" ("id","migration","batch") VALUES (14,'2026_05_04_070005_create_weeks_table',1);
INSERT INTO "migrations" ("id","migration","batch") VALUES (15,'2026_05_04_070006_create_classes_table',1);
INSERT INTO "migrations" ("id","migration","batch") VALUES (16,'2026_05_04_070007_create_student_class_assignments_table',1);
INSERT INTO "migrations" ("id","migration","batch") VALUES (17,'2026_05_04_080001_create_assignments_table',1);
INSERT INTO "migrations" ("id","migration","batch") VALUES (18,'2026_05_04_080002_create_assignment_students_table',1);
INSERT INTO "migrations" ("id","migration","batch") VALUES (19,'2026_05_04_080003_create_submissions_table',1);
INSERT INTO "migrations" ("id","migration","batch") VALUES (20,'2026_05_05_010001_create_business_subjects_table',1);
INSERT INTO "migrations" ("id","migration","batch") VALUES (21,'2026_05_05_010002_create_waitlist_table',1);
INSERT INTO "migrations" ("id","migration","batch") VALUES (22,'2026_05_05_010003_create_audit_log_table',1);
INSERT INTO "migrations" ("id","migration","batch") VALUES (23,'2026_05_05_020001_create_invitations_table',2);
INSERT INTO "migrations" ("id","migration","batch") VALUES (25,'2026_05_12_000001_create_student_parents_table',3);
INSERT INTO "migrations" ("id","migration","batch") VALUES (26,'2026_05_12_010001_create_course_templates_table',4);
INSERT INTO "migrations" ("id","migration","batch") VALUES (27,'2026_05_12_010002_create_course_components_table',4);
INSERT INTO "migrations" ("id","migration","batch") VALUES (28,'2026_05_12_010003_create_course_offerings_table',4);
INSERT INTO "migrations" ("id","migration","batch") VALUES (29,'2026_05_12_010004_create_offering_enrolments_table',4);
INSERT INTO "migrations" ("id","migration","batch") VALUES (30,'2026_05_12_010005_add_course_columns_to_assignments_table',4);
INSERT INTO "migrations" ("id","migration","batch") VALUES (31,'2026_05_12_020001_extend_course_offerings_for_custom_courses',5);
INSERT INTO "migrations" ("id","migration","batch") VALUES (32,'2026_05_12_020002_add_course_offering_id_to_classes_table',5);
INSERT INTO "migrations" ("id","migration","batch") VALUES (33,'2026_05_13_010001_create_courses_table',6);
INSERT INTO "migrations" ("id","migration","batch") VALUES (34,'2026_05_13_010002_add_catalogue_fields_to_course_offerings',6);
INSERT INTO "migrations" ("id","migration","batch") VALUES (35,'2026_05_14_010001_extend_classes_for_class_collapse',7);
INSERT INTO "migrations" ("id","migration","batch") VALUES (36,'2026_05_14_010002_create_class_terms_table',7);
INSERT INTO "migrations" ("id","migration","batch") VALUES (37,'2026_05_14_020001_make_class_tutor_nullable',8);
INSERT INTO "migrations" ("id","migration","batch") VALUES (38,'2026_05_15_010001_add_schedule_to_classes',9);

-- offering_enrolments (3 rows)
INSERT INTO "offering_enrolments" ("id","business_id","course_offering_id","student_id","status","enrolled_at","withdrew_at","completed_at","notes","created_at","updated_at") VALUES (1,9,1,1,'active','2026-05-12 04:40:29',NULL,NULL,NULL,'2026-05-12 04:40:29','2026-05-12 04:40:29');
INSERT INTO "offering_enrolments" ("id","business_id","course_offering_id","student_id","status","enrolled_at","withdrew_at","completed_at","notes","created_at","updated_at") VALUES (2,9,1,2,'active','2026-05-12 04:40:29',NULL,NULL,NULL,'2026-05-12 04:40:29','2026-05-12 04:40:29');
INSERT INTO "offering_enrolments" ("id","business_id","course_offering_id","student_id","status","enrolled_at","withdrew_at","completed_at","notes","created_at","updated_at") VALUES (3,1,5,3,'active','2026-05-14 04:17:52',NULL,NULL,NULL,'2026-05-14 04:17:52','2026-05-14 04:17:52');

-- personal_access_tokens (20 rows)
INSERT INTO "personal_access_tokens" ("id","tokenable_type","tokenable_id","name","token","abilities","last_used_at","expires_at","created_at","updated_at") VALUES (1,'App\Models\User',1,'api-token','5d2f5a1ea93cc924db3597a359506b3618b61cc031a8c3d6412af7bdcd0d7355','["*"]',NULL,NULL,'2026-05-05 03:10:59','2026-05-05 03:10:59');
INSERT INTO "personal_access_tokens" ("id","tokenable_type","tokenable_id","name","token","abilities","last_used_at","expires_at","created_at","updated_at") VALUES (2,'App\Models\User',4,'api-token','043cec32f262ba58f651bb07bd5fa8d7802a237bdaa0216fa74cf2b73b073d47','["*"]',NULL,NULL,'2026-05-05 03:11:00','2026-05-05 03:11:00');
INSERT INTO "personal_access_tokens" ("id","tokenable_type","tokenable_id","name","token","abilities","last_used_at","expires_at","created_at","updated_at") VALUES (3,'App\Models\User',1,'api-token','d0ecf54cc1e591006f9de13d744cf1789b5607110f69e93351b5fcf5d7ad985f','["*"]','2026-05-05 03:20:08',NULL,'2026-05-05 03:19:46','2026-05-05 03:20:08');
INSERT INTO "personal_access_tokens" ("id","tokenable_type","tokenable_id","name","token","abilities","last_used_at","expires_at","created_at","updated_at") VALUES (4,'App\Models\User',5,'api-token','301b63f189d0ac9de7e7f1c7c120c5168688e7dbe082ec05017bd21c283b60a8','["*"]',NULL,NULL,'2026-05-05 03:41:52','2026-05-05 03:41:52');
INSERT INTO "personal_access_tokens" ("id","tokenable_type","tokenable_id","name","token","abilities","last_used_at","expires_at","created_at","updated_at") VALUES (5,'App\Models\User',6,'api-token','4660241b848f205018654e004626f00c993a05517fe820c0b216843b08e87458','["*"]','2026-05-05 03:42:39',NULL,'2026-05-05 03:42:38','2026-05-05 03:42:39');
INSERT INTO "personal_access_tokens" ("id","tokenable_type","tokenable_id","name","token","abilities","last_used_at","expires_at","created_at","updated_at") VALUES (6,'App\Models\User',1,'api-token','b72e44cf67084b9728885ff4c5c9161861f1f0f238cad1922f6d43ed78e93de7','["*"]','2026-05-05 05:01:12',NULL,'2026-05-05 05:01:12','2026-05-05 05:01:12');
INSERT INTO "personal_access_tokens" ("id","tokenable_type","tokenable_id","name","token","abilities","last_used_at","expires_at","created_at","updated_at") VALUES (7,'App\Models\User',7,'api-token','4776a62d73e8188617c73b350c912685db47c6f40935a4652d8f127e309594a0','["*"]','2026-05-05 05:01:14',NULL,'2026-05-05 05:01:13','2026-05-05 05:01:14');
INSERT INTO "personal_access_tokens" ("id","tokenable_type","tokenable_id","name","token","abilities","last_used_at","expires_at","created_at","updated_at") VALUES (8,'App\Models\User',8,'api-token','f9ec7f607281889a10e431c3523c0de6cc9e5c4d636d78920be3b1ddfe752fcc','["*"]',NULL,NULL,'2026-05-05 05:01:15','2026-05-05 05:01:15');
INSERT INTO "personal_access_tokens" ("id","tokenable_type","tokenable_id","name","token","abilities","last_used_at","expires_at","created_at","updated_at") VALUES (9,'App\Models\User',6,'api-token','60f47537cf6a44d9d5be778064f18dab5e7c34b4e677969aa296746bbf3c5ad8','["*"]','2026-05-05 05:05:22',NULL,'2026-05-05 05:05:21','2026-05-05 05:05:22');
INSERT INTO "personal_access_tokens" ("id","tokenable_type","tokenable_id","name","token","abilities","last_used_at","expires_at","created_at","updated_at") VALUES (10,'App\Models\User',1,'api-token','2489e6e3556383c96a802c16127315d26fb6a3f35cf286b2c69118a31749a4bd','["*"]','2026-05-05 05:07:22',NULL,'2026-05-05 05:07:11','2026-05-05 05:07:22');
INSERT INTO "personal_access_tokens" ("id","tokenable_type","tokenable_id","name","token","abilities","last_used_at","expires_at","created_at","updated_at") VALUES (11,'App\Models\User',1,'api-token','c4ba224f414b77428ed5717e191b92ad49f657cd6c8f3f1e2156fb79686a3bea','["*"]','2026-05-05 05:23:41',NULL,'2026-05-05 05:23:30','2026-05-05 05:23:41');
INSERT INTO "personal_access_tokens" ("id","tokenable_type","tokenable_id","name","token","abilities","last_used_at","expires_at","created_at","updated_at") VALUES (12,'App\Models\User',9,'api-token','ce6605a62f58e65adf6149404ebd230ba8143a647334ad573d0d814f0a7eb7b8','["*"]','2026-05-05 23:10:08',NULL,'2026-05-05 05:26:49','2026-05-05 23:10:08');
INSERT INTO "personal_access_tokens" ("id","tokenable_type","tokenable_id","name","token","abilities","last_used_at","expires_at","created_at","updated_at") VALUES (13,'App\Models\User',10,'api-token','5f2b91aefbd396ceef111e7d99537fee080d61186d4b9d557d3a905058a2b5b9','["*"]',NULL,NULL,'2026-05-05 05:33:00','2026-05-05 05:33:00');
INSERT INTO "personal_access_tokens" ("id","tokenable_type","tokenable_id","name","token","abilities","last_used_at","expires_at","created_at","updated_at") VALUES (14,'App\Models\User',11,'api-token','195a5503c047893c79371f76611252e184b116bcad34f5ce1980445833312239','["*"]','2026-05-07 03:25:13',NULL,'2026-05-05 05:40:58','2026-05-07 03:25:13');
INSERT INTO "personal_access_tokens" ("id","tokenable_type","tokenable_id","name","token","abilities","last_used_at","expires_at","created_at","updated_at") VALUES (15,'App\Models\User',12,'api-token','2cdff6ed7a279e7c5ceff3cb1b630b65110e70bbd8ecfc902bbd474021822331','["*"]','2026-05-17 23:55:22',NULL,'2026-05-05 05:40:58','2026-05-17 23:55:22');
INSERT INTO "personal_access_tokens" ("id","tokenable_type","tokenable_id","name","token","abilities","last_used_at","expires_at","created_at","updated_at") VALUES (17,'App\Models\User',13,'api-token','112f1f67aece8354ca9b97b4e27a1f588100b9b102c191af83009b742409c667','["*"]','2026-05-07 02:11:16',NULL,'2026-05-06 02:59:33','2026-05-07 02:11:16');
INSERT INTO "personal_access_tokens" ("id","tokenable_type","tokenable_id","name","token","abilities","last_used_at","expires_at","created_at","updated_at") VALUES (22,'App\Models\User',1,'api-token','5accd3b03cf9940d829ddd578491e3d11c066f7c5355fa5a9f62cf08da4e8eaa','["*"]','2026-05-08 01:27:58',NULL,'2026-05-08 01:27:57','2026-05-08 01:27:58');
INSERT INTO "personal_access_tokens" ("id","tokenable_type","tokenable_id","name","token","abilities","last_used_at","expires_at","created_at","updated_at") VALUES (23,'App\Models\User',14,'api-token','cbc00c78da69fae6a06b3ea75a64dcf646e64d64fa88772593b2ee51ed8a14c1','["*"]',NULL,NULL,'2026-05-08 01:27:58','2026-05-08 01:27:58');
INSERT INTO "personal_access_tokens" ("id","tokenable_type","tokenable_id","name","token","abilities","last_used_at","expires_at","created_at","updated_at") VALUES (24,'App\Models\User',15,'api-token','5a47b93df2ca6093e1ed11fef43559bf7aaf3f609faaa3ad007af0d2558b7bf4','["*"]',NULL,NULL,'2026-05-08 01:30:22','2026-05-08 01:30:22');
INSERT INTO "personal_access_tokens" ("id","tokenable_type","tokenable_id","name","token","abilities","last_used_at","expires_at","created_at","updated_at") VALUES (25,'App\Models\User',2,'api-token','c2be1d60bac110a11ba800a5942c3a6b41f0d491f3b26f933345060d1819d80c','["*"]','2026-05-08 03:58:18',NULL,'2026-05-08 03:58:18','2026-05-08 03:58:18');

-- student_parents (3 rows)
INSERT INTO "student_parents" ("id","student_id","name","relationship","email","phone","is_primary","created_at","updated_at") VALUES (1,2,'Jane Smith','Mother','jane@example.com','+61 400 000 001',1,'2026-05-11 23:50:44','2026-05-11 23:50:44');
INSERT INTO "student_parents" ("id","student_id","name","relationship","email","phone","is_primary","created_at","updated_at") VALUES (2,2,'John Smith','Father','john@example.com','+61 400 000 002',0,'2026-05-11 23:50:44','2026-05-11 23:50:44');
INSERT INTO "student_parents" ("id","student_id","name","relationship","email","phone","is_primary","created_at","updated_at") VALUES (3,3,'Trupti Shah','Mother',NULL,'0433683730',1,'2026-05-12 00:37:33','2026-05-12 00:37:33');

-- students (3 rows)
INSERT INTO "students" ("id","business_id","user_id","first_name","last_name","date_of_birth","year_group_code","school","learning_goals","special_needs_notes","status","created_at","updated_at") VALUES (1,9,NULL,'Test','Student',NULL,'Y5','Bondi PS',NULL,NULL,'active','2026-05-08 04:11:12','2026-05-08 04:11:12');
INSERT INTO "students" ("id","business_id","user_id","first_name","last_name","date_of_birth","year_group_code","school","learning_goals","special_needs_notes","status","created_at","updated_at") VALUES (2,9,NULL,'Multi','ParentKid','2018-03-15 00:00:00','Y3','Test PS',NULL,NULL,'active','2026-05-11 23:50:44','2026-05-11 23:50:44');
INSERT INTO "students" ("id","business_id","user_id","first_name","last_name","date_of_birth","year_group_code","school","learning_goals","special_needs_notes","status","created_at","updated_at") VALUES (3,1,NULL,'Aanvi','Shah','2016-01-09 00:00:00','Y5','Riverbank Public School',NULL,NULL,'active','2026-05-12 00:37:33','2026-05-12 00:37:33');

-- subjects (20 rows)
INSERT INTO "subjects" ("id","state_code","code","name","year_levels","is_active","created_at","updated_at") VALUES (1,'NSW','MATH','Mathematics',NULL,1,'2026-05-05 02:59:53','2026-05-05 02:59:53');
INSERT INTO "subjects" ("id","state_code","code","name","year_levels","is_active","created_at","updated_at") VALUES (2,'NSW','MATH-STD','Mathematics Standard',NULL,1,'2026-05-05 02:59:53','2026-05-05 02:59:53');
INSERT INTO "subjects" ("id","state_code","code","name","year_levels","is_active","created_at","updated_at") VALUES (3,'NSW','MATH-ADV','Mathematics Advanced',NULL,1,'2026-05-05 02:59:53','2026-05-05 02:59:53');
INSERT INTO "subjects" ("id","state_code","code","name","year_levels","is_active","created_at","updated_at") VALUES (4,'NSW','ENG','English',NULL,1,'2026-05-05 02:59:53','2026-05-05 02:59:53');
INSERT INTO "subjects" ("id","state_code","code","name","year_levels","is_active","created_at","updated_at") VALUES (5,'NSW','ENG-STD','English Standard',NULL,1,'2026-05-05 02:59:53','2026-05-05 02:59:53');
INSERT INTO "subjects" ("id","state_code","code","name","year_levels","is_active","created_at","updated_at") VALUES (6,'NSW','ENG-ADV','English Advanced',NULL,1,'2026-05-05 02:59:53','2026-05-05 02:59:53');
INSERT INTO "subjects" ("id","state_code","code","name","year_levels","is_active","created_at","updated_at") VALUES (7,'NSW','SCI','Science',NULL,1,'2026-05-05 02:59:53','2026-05-05 02:59:53');
INSERT INTO "subjects" ("id","state_code","code","name","year_levels","is_active","created_at","updated_at") VALUES (8,'NSW','PHYS','Physics',NULL,1,'2026-05-05 02:59:53','2026-05-05 02:59:53');
INSERT INTO "subjects" ("id","state_code","code","name","year_levels","is_active","created_at","updated_at") VALUES (9,'NSW','CHEM','Chemistry',NULL,1,'2026-05-05 02:59:53','2026-05-05 02:59:53');
INSERT INTO "subjects" ("id","state_code","code","name","year_levels","is_active","created_at","updated_at") VALUES (10,'NSW','BIO','Biology',NULL,1,'2026-05-05 02:59:53','2026-05-05 02:59:53');
INSERT INTO "subjects" ("id","state_code","code","name","year_levels","is_active","created_at","updated_at") VALUES (11,'NSW','HIST','History',NULL,1,'2026-05-05 02:59:53','2026-05-05 02:59:53');
INSERT INTO "subjects" ("id","state_code","code","name","year_levels","is_active","created_at","updated_at") VALUES (12,'NSW','GEO','Geography',NULL,1,'2026-05-05 02:59:53','2026-05-05 02:59:53');
INSERT INTO "subjects" ("id","state_code","code","name","year_levels","is_active","created_at","updated_at") VALUES (13,'NSW','ART','Visual Arts',NULL,1,'2026-05-05 02:59:53','2026-05-05 02:59:53');
INSERT INTO "subjects" ("id","state_code","code","name","year_levels","is_active","created_at","updated_at") VALUES (14,'NSW','MUS','Music',NULL,1,'2026-05-05 02:59:53','2026-05-05 02:59:53');
INSERT INTO "subjects" ("id","state_code","code","name","year_levels","is_active","created_at","updated_at") VALUES (15,'NSW','PE','Physical Education',NULL,1,'2026-05-05 02:59:53','2026-05-05 02:59:53');
INSERT INTO "subjects" ("id","state_code","code","name","year_levels","is_active","created_at","updated_at") VALUES (16,'NSW','HEALTH','Health',NULL,1,'2026-05-05 02:59:53','2026-05-05 02:59:53');
INSERT INTO "subjects" ("id","state_code","code","name","year_levels","is_active","created_at","updated_at") VALUES (17,'NSW','LANG','Languages',NULL,1,'2026-05-05 02:59:53','2026-05-05 02:59:53');
INSERT INTO "subjects" ("id","state_code","code","name","year_levels","is_active","created_at","updated_at") VALUES (18,'NSW','DRAMA','Drama',NULL,1,'2026-05-05 02:59:53','2026-05-05 02:59:53');
INSERT INTO "subjects" ("id","state_code","code","name","year_levels","is_active","created_at","updated_at") VALUES (19,'NSW','TECH','Technology',NULL,1,'2026-05-05 02:59:53','2026-05-05 02:59:53');
INSERT INTO "subjects" ("id","state_code","code","name","year_levels","is_active","created_at","updated_at") VALUES (20,'NSW','ECON','Economics & Business',NULL,1,'2026-05-05 02:59:53','2026-05-05 02:59:53');

-- tutors (8 rows)
INSERT INTO "tutors" ("id","user_id","business_id","status","wwcc_number","wwcc_expiry","wwcc_state","compliance_status","bio","hourly_rate","qualifications","delivery_modes","year_levels","created_at","updated_at") VALUES (1,3,1,'pending_compliance',NULL,NULL,NULL,'pending_compliance',NULL,NULL,NULL,NULL,NULL,'2026-05-05 02:59:54','2026-05-05 02:59:54');
INSERT INTO "tutors" ("id","user_id","business_id","status","wwcc_number","wwcc_expiry","wwcc_state","compliance_status","bio","hourly_rate","qualifications","delivery_modes","year_levels","created_at","updated_at") VALUES (2,4,2,'pending_compliance',NULL,NULL,NULL,'pending_compliance',NULL,NULL,NULL,NULL,NULL,'2026-05-05 02:59:54','2026-05-05 02:59:54');
INSERT INTO "tutors" ("id","user_id","business_id","status","wwcc_number","wwcc_expiry","wwcc_state","compliance_status","bio","hourly_rate","qualifications","delivery_modes","year_levels","created_at","updated_at") VALUES (3,5,3,'pending_compliance',NULL,NULL,NULL,'pending_compliance',NULL,NULL,NULL,NULL,NULL,'2026-05-05 03:41:52','2026-05-05 03:41:52');
INSERT INTO "tutors" ("id","user_id","business_id","status","wwcc_number","wwcc_expiry","wwcc_state","compliance_status","bio","hourly_rate","qualifications","delivery_modes","year_levels","created_at","updated_at") VALUES (4,6,4,'active','eyJpdiI6Ikh4S0RKb3BMSDJCY3pCVCswZnZGeHc9PSIsInZhbHVlIjoiajl6NVVKWHAxVmZkVStzTldNUzhFdz09IiwibWFjIjoiOWVmNGIwNzY3MjI0M2Q4YTYxNDIzODg3YjEyYWIxOWU1NzczY2RkNGY5YWJiYjU0ODk0ZjFiOTI1YTBlMzI1OCIsInRhZyI6IiJ9','2027-12-01 00:00:00','NSW','compliant',NULL,NULL,NULL,NULL,NULL,'2026-05-05 03:42:38','2026-05-05 03:42:39');
INSERT INTO "tutors" ("id","user_id","business_id","status","wwcc_number","wwcc_expiry","wwcc_state","compliance_status","bio","hourly_rate","qualifications","delivery_modes","year_levels","created_at","updated_at") VALUES (5,8,5,'active','eyJpdiI6IklVZk54bW10MmF0R21NNXhUYjFocUE9PSIsInZhbHVlIjoiQnBSN0R4Uk0zNGtTMU0yWjhIYmRiZz09IiwibWFjIjoiZjFiNzdjYTEyZGJmZGQzY2U3ODY1MDA0Y2U0MTJlOTViMTA1MTQ4Y2YzNGRmNWZlYWRlYjdiNWU1MWQ2YjNiMiIsInRhZyI6IiJ9','2027-12-31 00:00:00','NSW','compliant',NULL,NULL,NULL,NULL,NULL,'2026-05-05 05:01:14','2026-05-05 05:01:15');
INSERT INTO "tutors" ("id","user_id","business_id","status","wwcc_number","wwcc_expiry","wwcc_state","compliance_status","bio","hourly_rate","qualifications","delivery_modes","year_levels","created_at","updated_at") VALUES (6,9,6,'pending_compliance',NULL,NULL,NULL,'pending_compliance',NULL,NULL,NULL,NULL,NULL,'2026-05-05 05:26:49','2026-05-05 05:26:49');
INSERT INTO "tutors" ("id","user_id","business_id","status","wwcc_number","wwcc_expiry","wwcc_state","compliance_status","bio","hourly_rate","qualifications","delivery_modes","year_levels","created_at","updated_at") VALUES (7,11,8,'active','eyJpdiI6IkpmNHlWajh5d0c1eGpxTmxKSFB3a1E9PSIsInZhbHVlIjoiMGE5dkRlMkd0aDlFRXMvQ3ZWUHRTdz09IiwibWFjIjoiNmI0M2MxMTJlYzA5ZjBkODc0YTQ1YTQ2ZmY0NDJjZDkwMzBkZGI2YThlYjliZTc3MTM4MTVlMDlhNzdjOGMwNSIsInRhZyI6IiJ9','2027-06-10 00:00:00','NSW','compliant',NULL,NULL,NULL,NULL,NULL,'2026-05-05 05:40:58','2026-05-06 00:25:41');
INSERT INTO "tutors" ("id","user_id","business_id","status","wwcc_number","wwcc_expiry","wwcc_state","compliance_status","bio","hourly_rate","qualifications","delivery_modes","year_levels","created_at","updated_at") VALUES (8,15,9,'active','eyJpdiI6InFFM0x6V2VRdWQ3bVlZQnRPZktSNWc9PSIsInZhbHVlIjoiYTVUajJZSjF3bGZTbFdRbDdXN0lIdz09IiwibWFjIjoiZGIzNjlmNTFlYzM2YjExODM3MTA0MGE4YjI1ZTZjZTcyNzU3Y2M1ODQzZjIyMzI2MzY3MzQ1ZjkwYTZjNTQ3NyIsInRhZyI6IiJ9','2027-06-12 00:00:00','NSW','compliant',NULL,NULL,NULL,NULL,NULL,'2026-05-08 01:30:21','2026-05-08 01:30:22');

-- users (15 rows)
INSERT INTO "users" ("id","name","email","email_verified_at","password","remember_token","created_at","updated_at","role") VALUES (1,'Admin Test','admin@eslate.local',NULL,'$2y$12$w..FIhOfeueJ5o0AFF06BennQeQVCByAl8R2gQQu8b5WDs/XAEEia',NULL,'2026-05-05 02:59:54','2026-05-05 02:59:54','admin');
INSERT INTO "users" ("id","name","email","email_verified_at","password","remember_token","created_at","updated_at","role") VALUES (2,'Owner Test','owner@eslate.local',NULL,'$2y$12$w..FIhOfeueJ5o0AFF06BennQeQVCByAl8R2gQQu8b5WDs/XAEEia',NULL,'2026-05-05 02:59:54','2026-05-05 02:59:54','business');
INSERT INTO "users" ("id","name","email","email_verified_at","password","remember_token","created_at","updated_at","role") VALUES (3,'Tutor Test','tutor@eslate.local',NULL,'$2y$12$w..FIhOfeueJ5o0AFF06BennQeQVCByAl8R2gQQu8b5WDs/XAEEia',NULL,'2026-05-05 02:59:54','2026-05-05 02:59:54','tutor');
INSERT INTO "users" ("id","name","email","email_verified_at","password","remember_token","created_at","updated_at","role") VALUES (4,'Solo Tutor','solo@eslate.local',NULL,'$2y$12$w..FIhOfeueJ5o0AFF06BennQeQVCByAl8R2gQQu8b5WDs/XAEEia',NULL,'2026-05-05 02:59:54','2026-05-05 02:59:54','tutor');
INSERT INTO "users" ("id","name","email","email_verified_at","password","remember_token","created_at","updated_at","role") VALUES (5,'Jane Smith','jane@example.com',NULL,'$2y$12$6Dnm/n/N9CvhQx03nJkB.OTcUjvoYsufRo5lfCq.yJLlyt9tCog1q',NULL,'2026-05-05 03:41:52','2026-05-05 03:41:52','tutor');
INSERT INTO "users" ("id","name","email","email_verified_at","password","remember_token","created_at","updated_at","role") VALUES (6,'Mary Doe','mary@example.com',NULL,'$2y$12$ObOUo4uZjh41RxEpzyIph.lr5XlgNs1ZoCbxuCJmDV4BT5afGtFki',NULL,'2026-05-05 03:42:38','2026-05-05 03:42:38','tutor');
INSERT INTO "users" ("id","name","email","email_verified_at","password","remember_token","created_at","updated_at","role") VALUES (7,'Beta Owner','newowner@example.com',NULL,'$2y$12$0jU3FYALXXrIbSz3XmZdlO/6D4EBRgimwMt6z/v4V0WlBhSb8PL1i',NULL,'2026-05-05 05:01:13','2026-05-05 05:01:13','business');
INSERT INTO "users" ("id","name","email","email_verified_at","password","remember_token","created_at","updated_at","role") VALUES (8,'New Tutor','newtutor@example.com',NULL,'$2y$12$uguE4yg5ETMXNUAVhYDJAub0FlkL7JyHgV8yPuyfINsyK7L0n3IBG',NULL,'2026-05-05 05:01:14','2026-05-05 05:01:15','tutor');
INSERT INTO "users" ("id","name","email","email_verified_at","password","remember_token","created_at","updated_at","role") VALUES (9,'Trupti Shah','trupti-own@eslate.local',NULL,'$2y$12$MY0vrIHdK7Zp5zJqoeQ8hu3A6Yx1ckPey7/7imUFkFOm6XJtDBPl.',NULL,'2026-05-05 05:26:49','2026-05-05 05:26:49','tutor');
INSERT INTO "users" ("id","name","email","email_verified_at","password","remember_token","created_at","updated_at","role") VALUES (10,'Carol Boss','carol@bigtutor.com',NULL,'$2y$12$gqCaxPB8UsYCDFe3p.wUHeCMs7KQB31ksp5W6pKCrU0D3IoTRyRmS',NULL,'2026-05-05 05:33:00','2026-05-05 05:33:00','business');
INSERT INTO "users" ("id","name","email","email_verified_at","password","remember_token","created_at","updated_at","role") VALUES (11,'Smoke Tutor','smoke-tutor-154057@eslate.local',NULL,'$2y$12$xszpejUqkoQtmKYjRANRsu..qBZooArMslErfTfd0R3a8Ty0NvtdK',NULL,'2026-05-05 05:40:58','2026-05-05 05:40:58','tutor');
INSERT INTO "users" ("id","name","email","email_verified_at","password","remember_token","created_at","updated_at","role") VALUES (12,'Smoke Owner','smoke-owner-154057@eslate.local',NULL,'$2y$12$AB7Tvw3XEQsxIvWT5z7/VuiaWCoWnoROma8aXEl9XIUDlKmPVF6xC',NULL,'2026-05-05 05:40:58','2026-05-05 05:40:58','business');
INSERT INTO "users" ("id","name","email","email_verified_at","password","remember_token","created_at","updated_at","role") VALUES (13,'Aanvi Shah','aanvi@eslate.local',NULL,'$2y$12$xCDW1OaO1G/tm5XVYrdNCuYpF1fHNp6sK2jOjsO2l3bblPfi7I7rC',NULL,'2026-05-06 00:25:14','2026-05-06 00:25:14','business');
INSERT INTO "users" ("id","name","email","email_verified_at","password","remember_token","created_at","updated_at","role") VALUES (14,'Invite Owner','invite-owner-112758@eslate.local',NULL,'$2y$12$Zs7BZP4GGPNrF7UZv/hNp.gKDWMhBPsNHVfWzopLOhxpeLQl/z9DO',NULL,'2026-05-08 01:27:58','2026-05-08 01:27:58','business');
INSERT INTO "users" ("id","name","email","email_verified_at","password","remember_token","created_at","updated_at","role") VALUES (15,'Invite Tutor','invite-tutor-113021@eslate.local',NULL,'$2y$12$iG5lG06Xky4OWUh.RvydCOBmzAQ.39bSdfY/1bqJkdCXWKihngnNa',NULL,'2026-05-08 01:30:21','2026-05-08 01:30:22','tutor');

-- waitlist (1 rows)
INSERT INTO "waitlist" ("id","email","first_name","last_name","country","state","intended_role","notified_at","created_at","updated_at") VALUES (1,'vic-tutor@example.com','Vic',NULL,'AU','VIC','individual_tutor',NULL,'2026-05-05 03:41:51','2026-05-05 03:41:51');

-- weeks (199 rows)
INSERT INTO "weeks" ("id","business_id","academic_term_id","week_number","start_date","end_date","is_partial","start_dow","public_holidays","pupil_free_days","notes","created_at","updated_at") VALUES (1,4,1,1,'2026-02-02 00:00:00','2026-02-08 00:00:00',0,NULL,NULL,NULL,NULL,'2026-05-05 03:42:38','2026-05-05 03:42:38');
INSERT INTO "weeks" ("id","business_id","academic_term_id","week_number","start_date","end_date","is_partial","start_dow","public_holidays","pupil_free_days","notes","created_at","updated_at") VALUES (2,4,1,2,'2026-02-09 00:00:00','2026-02-15 00:00:00',0,NULL,NULL,NULL,NULL,'2026-05-05 03:42:38','2026-05-05 03:42:38');
INSERT INTO "weeks" ("id","business_id","academic_term_id","week_number","start_date","end_date","is_partial","start_dow","public_holidays","pupil_free_days","notes","created_at","updated_at") VALUES (3,4,1,3,'2026-02-16 00:00:00','2026-02-22 00:00:00',0,NULL,NULL,NULL,NULL,'2026-05-05 03:42:38','2026-05-05 03:42:38');
INSERT INTO "weeks" ("id","business_id","academic_term_id","week_number","start_date","end_date","is_partial","start_dow","public_holidays","pupil_free_days","notes","created_at","updated_at") VALUES (4,4,1,4,'2026-02-23 00:00:00','2026-03-01 00:00:00',0,NULL,NULL,NULL,NULL,'2026-05-05 03:42:38','2026-05-05 03:42:38');
INSERT INTO "weeks" ("id","business_id","academic_term_id","week_number","start_date","end_date","is_partial","start_dow","public_holidays","pupil_free_days","notes","created_at","updated_at") VALUES (5,4,1,5,'2026-03-02 00:00:00','2026-03-08 00:00:00',0,NULL,NULL,NULL,NULL,'2026-05-05 03:42:38','2026-05-05 03:42:38');
INSERT INTO "weeks" ("id","business_id","academic_term_id","week_number","start_date","end_date","is_partial","start_dow","public_holidays","pupil_free_days","notes","created_at","updated_at") VALUES (6,4,1,6,'2026-03-09 00:00:00','2026-03-15 00:00:00',0,NULL,NULL,NULL,NULL,'2026-05-05 03:42:38','2026-05-05 03:42:38');
INSERT INTO "weeks" ("id","business_id","academic_term_id","week_number","start_date","end_date","is_partial","start_dow","public_holidays","pupil_free_days","notes","created_at","updated_at") VALUES (7,4,1,7,'2026-03-16 00:00:00','2026-03-22 00:00:00',0,NULL,NULL,NULL,NULL,'2026-05-05 03:42:38','2026-05-05 03:42:38');
INSERT INTO "weeks" ("id","business_id","academic_term_id","week_number","start_date","end_date","is_partial","start_dow","public_holidays","pupil_free_days","notes","created_at","updated_at") VALUES (8,4,1,8,'2026-03-23 00:00:00','2026-03-29 00:00:00',0,NULL,NULL,NULL,NULL,'2026-05-05 03:42:38','2026-05-05 03:42:38');
INSERT INTO "weeks" ("id","business_id","academic_term_id","week_number","start_date","end_date","is_partial","start_dow","public_holidays","pupil_free_days","notes","created_at","updated_at") VALUES (9,4,1,9,'2026-03-30 00:00:00','2026-04-05 00:00:00',0,NULL,'[{"date":"2026-04-03","name":"Good Friday"},{"date":"2026-04-04","name":"Easter Saturday"},{"date":"2026-04-05","name":"Easter Sunday"}]',NULL,NULL,'2026-05-05 03:42:38','2026-05-05 03:42:38');
INSERT INTO "weeks" ("id","business_id","academic_term_id","week_number","start_date","end_date","is_partial","start_dow","public_holidays","pupil_free_days","notes","created_at","updated_at") VALUES (10,4,1,10,'2026-04-06 00:00:00','2026-04-09 00:00:00',1,1,'[{"date":"2026-04-06","name":"Easter Monday"}]',NULL,NULL,'2026-05-05 03:42:38','2026-05-05 03:42:38');
INSERT INTO "weeks" ("id","business_id","academic_term_id","week_number","start_date","end_date","is_partial","start_dow","public_holidays","pupil_free_days","notes","created_at","updated_at") VALUES (11,4,2,1,'2026-04-27 00:00:00','2026-05-03 00:00:00',0,NULL,NULL,NULL,NULL,'2026-05-05 03:42:38','2026-05-05 03:42:38');
INSERT INTO "weeks" ("id","business_id","academic_term_id","week_number","start_date","end_date","is_partial","start_dow","public_holidays","pupil_free_days","notes","created_at","updated_at") VALUES (12,4,2,2,'2026-05-04 00:00:00','2026-05-10 00:00:00',0,NULL,NULL,NULL,NULL,'2026-05-05 03:42:38','2026-05-05 03:42:38');
INSERT INTO "weeks" ("id","business_id","academic_term_id","week_number","start_date","end_date","is_partial","start_dow","public_holidays","pupil_free_days","notes","created_at","updated_at") VALUES (13,4,2,3,'2026-05-11 00:00:00','2026-05-17 00:00:00',0,NULL,NULL,NULL,NULL,'2026-05-05 03:42:38','2026-05-05 03:42:38');
INSERT INTO "weeks" ("id","business_id","academic_term_id","week_number","start_date","end_date","is_partial","start_dow","public_holidays","pupil_free_days","notes","created_at","updated_at") VALUES (14,4,2,4,'2026-05-18 00:00:00','2026-05-24 00:00:00',0,NULL,NULL,NULL,NULL,'2026-05-05 03:42:38','2026-05-05 03:42:38');
INSERT INTO "weeks" ("id","business_id","academic_term_id","week_number","start_date","end_date","is_partial","start_dow","public_holidays","pupil_free_days","notes","created_at","updated_at") VALUES (15,4,2,5,'2026-05-25 00:00:00','2026-05-31 00:00:00',0,NULL,NULL,NULL,NULL,'2026-05-05 03:42:38','2026-05-05 03:42:38');
INSERT INTO "weeks" ("id","business_id","academic_term_id","week_number","start_date","end_date","is_partial","start_dow","public_holidays","pupil_free_days","notes","created_at","updated_at") VALUES (16,4,2,6,'2026-06-01 00:00:00','2026-06-07 00:00:00',0,NULL,NULL,NULL,NULL,'2026-05-05 03:42:38','2026-05-05 03:42:38');
INSERT INTO "weeks" ("id","business_id","academic_term_id","week_number","start_date","end_date","is_partial","start_dow","public_holidays","pupil_free_days","notes","created_at","updated_at") VALUES (17,4,2,7,'2026-06-08 00:00:00','2026-06-14 00:00:00',0,NULL,'[{"date":"2026-06-08","name":"King''s Birthday"}]',NULL,NULL,'2026-05-05 03:42:38','2026-05-05 03:42:38');
INSERT INTO "weeks" ("id","business_id","academic_term_id","week_number","start_date","end_date","is_partial","start_dow","public_holidays","pupil_free_days","notes","created_at","updated_at") VALUES (18,4,2,8,'2026-06-15 00:00:00','2026-06-21 00:00:00',0,NULL,NULL,NULL,NULL,'2026-05-05 03:42:38','2026-05-05 03:42:38');
INSERT INTO "weeks" ("id","business_id","academic_term_id","week_number","start_date","end_date","is_partial","start_dow","public_holidays","pupil_free_days","notes","created_at","updated_at") VALUES (19,4,2,9,'2026-06-22 00:00:00','2026-06-28 00:00:00',0,NULL,NULL,NULL,NULL,'2026-05-05 03:42:38','2026-05-05 03:42:38');
INSERT INTO "weeks" ("id","business_id","academic_term_id","week_number","start_date","end_date","is_partial","start_dow","public_holidays","pupil_free_days","notes","created_at","updated_at") VALUES (20,4,2,10,'2026-06-29 00:00:00','2026-07-03 00:00:00',1,1,NULL,NULL,NULL,'2026-05-05 03:42:38','2026-05-05 03:42:38');
INSERT INTO "weeks" ("id","business_id","academic_term_id","week_number","start_date","end_date","is_partial","start_dow","public_holidays","pupil_free_days","notes","created_at","updated_at") VALUES (21,4,3,1,'2026-07-21 00:00:00','2026-07-26 00:00:00',1,2,NULL,NULL,NULL,'2026-05-05 03:42:38','2026-05-05 03:42:38');
INSERT INTO "weeks" ("id","business_id","academic_term_id","week_number","start_date","end_date","is_partial","start_dow","public_holidays","pupil_free_days","notes","created_at","updated_at") VALUES (22,4,3,2,'2026-07-27 00:00:00','2026-08-02 00:00:00',0,NULL,NULL,NULL,NULL,'2026-05-05 03:42:38','2026-05-05 03:42:38');
INSERT INTO "weeks" ("id","business_id","academic_term_id","week_number","start_date","end_date","is_partial","start_dow","public_holidays","pupil_free_days","notes","created_at","updated_at") VALUES (23,4,3,3,'2026-08-03 00:00:00','2026-08-09 00:00:00',0,NULL,NULL,NULL,NULL,'2026-05-05 03:42:38','2026-05-05 03:42:38');
INSERT INTO "weeks" ("id","business_id","academic_term_id","week_number","start_date","end_date","is_partial","start_dow","public_holidays","pupil_free_days","notes","created_at","updated_at") VALUES (24,4,3,4,'2026-08-10 00:00:00','2026-08-16 00:00:00',0,NULL,NULL,NULL,NULL,'2026-05-05 03:42:38','2026-05-05 03:42:38');
INSERT INTO "weeks" ("id","business_id","academic_term_id","week_number","start_date","end_date","is_partial","start_dow","public_holidays","pupil_free_days","notes","created_at","updated_at") VALUES (25,4,3,5,'2026-08-17 00:00:00','2026-08-23 00:00:00',0,NULL,NULL,NULL,NULL,'2026-05-05 03:42:38','2026-05-05 03:42:38');
INSERT INTO "weeks" ("id","business_id","academic_term_id","week_number","start_date","end_date","is_partial","start_dow","public_holidays","pupil_free_days","notes","created_at","updated_at") VALUES (26,4,3,6,'2026-08-24 00:00:00','2026-08-30 00:00:00',0,NULL,NULL,NULL,NULL,'2026-05-05 03:42:38','2026-05-05 03:42:38');
INSERT INTO "weeks" ("id","business_id","academic_term_id","week_number","start_date","end_date","is_partial","start_dow","public_holidays","pupil_free_days","notes","created_at","updated_at") VALUES (27,4,3,7,'2026-08-31 00:00:00','2026-09-06 00:00:00',0,NULL,NULL,NULL,NULL,'2026-05-05 03:42:38','2026-05-05 03:42:38');
INSERT INTO "weeks" ("id","business_id","academic_term_id","week_number","start_date","end_date","is_partial","start_dow","public_holidays","pupil_free_days","notes","created_at","updated_at") VALUES (28,4,3,8,'2026-09-07 00:00:00','2026-09-13 00:00:00',0,NULL,NULL,NULL,NULL,'2026-05-05 03:42:38','2026-05-05 03:42:38');
INSERT INTO "weeks" ("id","business_id","academic_term_id","week_number","start_date","end_date","is_partial","start_dow","public_holidays","pupil_free_days","notes","created_at","updated_at") VALUES (29,4,3,9,'2026-09-14 00:00:00','2026-09-20 00:00:00',0,NULL,NULL,NULL,NULL,'2026-05-05 03:42:38','2026-05-05 03:42:38');
INSERT INTO "weeks" ("id","business_id","academic_term_id","week_number","start_date","end_date","is_partial","start_dow","public_holidays","pupil_free_days","notes","created_at","updated_at") VALUES (30,4,3,10,'2026-09-21 00:00:00','2026-09-25 00:00:00',1,1,NULL,NULL,NULL,'2026-05-05 03:42:38','2026-05-05 03:42:38');
INSERT INTO "weeks" ("id","business_id","academic_term_id","week_number","start_date","end_date","is_partial","start_dow","public_holidays","pupil_free_days","notes","created_at","updated_at") VALUES (31,4,4,1,'2026-10-13 00:00:00','2026-10-18 00:00:00',1,2,NULL,NULL,NULL,'2026-05-05 03:42:38','2026-05-05 03:42:38');
INSERT INTO "weeks" ("id","business_id","academic_term_id","week_number","start_date","end_date","is_partial","start_dow","public_holidays","pupil_free_days","notes","created_at","updated_at") VALUES (32,4,4,2,'2026-10-19 00:00:00','2026-10-25 00:00:00',0,NULL,NULL,NULL,NULL,'2026-05-05 03:42:38','2026-05-05 03:42:38');
INSERT INTO "weeks" ("id","business_id","academic_term_id","week_number","start_date","end_date","is_partial","start_dow","public_holidays","pupil_free_days","notes","created_at","updated_at") VALUES (33,4,4,3,'2026-10-26 00:00:00','2026-11-01 00:00:00',0,NULL,NULL,NULL,NULL,'2026-05-05 03:42:38','2026-05-05 03:42:38');
INSERT INTO "weeks" ("id","business_id","academic_term_id","week_number","start_date","end_date","is_partial","start_dow","public_holidays","pupil_free_days","notes","created_at","updated_at") VALUES (34,4,4,4,'2026-11-02 00:00:00','2026-11-08 00:00:00',0,NULL,NULL,NULL,NULL,'2026-05-05 03:42:38','2026-05-05 03:42:38');
INSERT INTO "weeks" ("id","business_id","academic_term_id","week_number","start_date","end_date","is_partial","start_dow","public_holidays","pupil_free_days","notes","created_at","updated_at") VALUES (35,4,4,5,'2026-11-09 00:00:00','2026-11-15 00:00:00',0,NULL,NULL,NULL,NULL,'2026-05-05 03:42:38','2026-05-05 03:42:38');
INSERT INTO "weeks" ("id","business_id","academic_term_id","week_number","start_date","end_date","is_partial","start_dow","public_holidays","pupil_free_days","notes","created_at","updated_at") VALUES (36,4,4,6,'2026-11-16 00:00:00','2026-11-22 00:00:00',0,NULL,NULL,NULL,NULL,'2026-05-05 03:42:38','2026-05-05 03:42:38');
INSERT INTO "weeks" ("id","business_id","academic_term_id","week_number","start_date","end_date","is_partial","start_dow","public_holidays","pupil_free_days","notes","created_at","updated_at") VALUES (37,4,4,7,'2026-11-23 00:00:00','2026-11-29 00:00:00',0,NULL,NULL,NULL,NULL,'2026-05-05 03:42:38','2026-05-05 03:42:38');
INSERT INTO "weeks" ("id","business_id","academic_term_id","week_number","start_date","end_date","is_partial","start_dow","public_holidays","pupil_free_days","notes","created_at","updated_at") VALUES (38,4,4,8,'2026-11-30 00:00:00','2026-12-06 00:00:00',0,NULL,NULL,NULL,NULL,'2026-05-05 03:42:38','2026-05-05 03:42:38');
INSERT INTO "weeks" ("id","business_id","academic_term_id","week_number","start_date","end_date","is_partial","start_dow","public_holidays","pupil_free_days","notes","created_at","updated_at") VALUES (39,4,4,9,'2026-12-07 00:00:00','2026-12-13 00:00:00',0,NULL,NULL,NULL,NULL,'2026-05-05 03:42:38','2026-05-05 03:42:38');
INSERT INTO "weeks" ("id","business_id","academic_term_id","week_number","start_date","end_date","is_partial","start_dow","public_holidays","pupil_free_days","notes","created_at","updated_at") VALUES (40,4,4,10,'2026-12-14 00:00:00','2026-12-18 00:00:00',1,1,NULL,NULL,NULL,'2026-05-05 03:42:38','2026-05-05 03:42:38');
INSERT INTO "weeks" ("id","business_id","academic_term_id","week_number","start_date","end_date","is_partial","start_dow","public_holidays","pupil_free_days","notes","created_at","updated_at") VALUES (41,8,5,1,'2026-02-02 00:00:00','2026-02-08 00:00:00',0,NULL,NULL,NULL,NULL,'2026-05-06 00:25:42','2026-05-06 00:25:42');
INSERT INTO "weeks" ("id","business_id","academic_term_id","week_number","start_date","end_date","is_partial","start_dow","public_holidays","pupil_free_days","notes","created_at","updated_at") VALUES (42,8,5,2,'2026-02-09 00:00:00','2026-02-15 00:00:00',0,NULL,NULL,NULL,NULL,'2026-05-06 00:25:42','2026-05-06 00:25:42');
INSERT INTO "weeks" ("id","business_id","academic_term_id","week_number","start_date","end_date","is_partial","start_dow","public_holidays","pupil_free_days","notes","created_at","updated_at") VALUES (43,8,5,3,'2026-02-16 00:00:00','2026-02-22 00:00:00',0,NULL,NULL,NULL,NULL,'2026-05-06 00:25:42','2026-05-06 00:25:42');
INSERT INTO "weeks" ("id","business_id","academic_term_id","week_number","start_date","end_date","is_partial","start_dow","public_holidays","pupil_free_days","notes","created_at","updated_at") VALUES (44,8,5,4,'2026-02-23 00:00:00','2026-03-01 00:00:00',0,NULL,NULL,NULL,NULL,'2026-05-06 00:25:42','2026-05-06 00:25:42');
INSERT INTO "weeks" ("id","business_id","academic_term_id","week_number","start_date","end_date","is_partial","start_dow","public_holidays","pupil_free_days","notes","created_at","updated_at") VALUES (45,8,5,5,'2026-03-02 00:00:00','2026-03-08 00:00:00',0,NULL,NULL,NULL,NULL,'2026-05-06 00:25:42','2026-05-06 00:25:42');
INSERT INTO "weeks" ("id","business_id","academic_term_id","week_number","start_date","end_date","is_partial","start_dow","public_holidays","pupil_free_days","notes","created_at","updated_at") VALUES (46,8,5,6,'2026-03-09 00:00:00','2026-03-15 00:00:00',0,NULL,NULL,NULL,NULL,'2026-05-06 00:25:42','2026-05-06 00:25:42');
INSERT INTO "weeks" ("id","business_id","academic_term_id","week_number","start_date","end_date","is_partial","start_dow","public_holidays","pupil_free_days","notes","created_at","updated_at") VALUES (47,8,5,7,'2026-03-16 00:00:00','2026-03-22 00:00:00',0,NULL,NULL,NULL,NULL,'2026-05-06 00:25:42','2026-05-06 00:25:42');
INSERT INTO "weeks" ("id","business_id","academic_term_id","week_number","start_date","end_date","is_partial","start_dow","public_holidays","pupil_free_days","notes","created_at","updated_at") VALUES (48,8,5,8,'2026-03-23 00:00:00','2026-03-29 00:00:00',0,NULL,NULL,NULL,NULL,'2026-05-06 00:25:42','2026-05-06 00:25:42');
INSERT INTO "weeks" ("id","business_id","academic_term_id","week_number","start_date","end_date","is_partial","start_dow","public_holidays","pupil_free_days","notes","created_at","updated_at") VALUES (49,8,5,9,'2026-03-30 00:00:00','2026-04-05 00:00:00',0,NULL,'[{"date":"2026-04-03","name":"Good Friday"},{"date":"2026-04-04","name":"Easter Saturday"},{"date":"2026-04-05","name":"Easter Sunday"}]',NULL,NULL,'2026-05-06 00:25:42','2026-05-06 00:25:42');
INSERT INTO "weeks" ("id","business_id","academic_term_id","week_number","start_date","end_date","is_partial","start_dow","public_holidays","pupil_free_days","notes","created_at","updated_at") VALUES (50,8,5,10,'2026-04-06 00:00:00','2026-04-09 00:00:00',1,1,'[{"date":"2026-04-06","name":"Easter Monday"}]',NULL,NULL,'2026-05-06 00:25:42','2026-05-06 00:25:42');
INSERT INTO "weeks" ("id","business_id","academic_term_id","week_number","start_date","end_date","is_partial","start_dow","public_holidays","pupil_free_days","notes","created_at","updated_at") VALUES (51,8,6,1,'2026-04-27 00:00:00','2026-05-03 00:00:00',0,NULL,NULL,NULL,NULL,'2026-05-06 00:25:42','2026-05-06 00:25:42');
INSERT INTO "weeks" ("id","business_id","academic_term_id","week_number","start_date","end_date","is_partial","start_dow","public_holidays","pupil_free_days","notes","created_at","updated_at") VALUES (52,8,6,2,'2026-05-04 00:00:00','2026-05-10 00:00:00',0,NULL,NULL,NULL,NULL,'2026-05-06 00:25:42','2026-05-06 00:25:42');
INSERT INTO "weeks" ("id","business_id","academic_term_id","week_number","start_date","end_date","is_partial","start_dow","public_holidays","pupil_free_days","notes","created_at","updated_at") VALUES (53,8,6,3,'2026-05-11 00:00:00','2026-05-17 00:00:00',0,NULL,NULL,NULL,NULL,'2026-05-06 00:25:42','2026-05-06 00:25:42');
INSERT INTO "weeks" ("id","business_id","academic_term_id","week_number","start_date","end_date","is_partial","start_dow","public_holidays","pupil_free_days","notes","created_at","updated_at") VALUES (54,8,6,4,'2026-05-18 00:00:00','2026-05-24 00:00:00',0,NULL,NULL,NULL,NULL,'2026-05-06 00:25:42','2026-05-06 00:25:42');
INSERT INTO "weeks" ("id","business_id","academic_term_id","week_number","start_date","end_date","is_partial","start_dow","public_holidays","pupil_free_days","notes","created_at","updated_at") VALUES (55,8,6,5,'2026-05-25 00:00:00','2026-05-31 00:00:00',0,NULL,NULL,NULL,NULL,'2026-05-06 00:25:42','2026-05-06 00:25:42');
INSERT INTO "weeks" ("id","business_id","academic_term_id","week_number","start_date","end_date","is_partial","start_dow","public_holidays","pupil_free_days","notes","created_at","updated_at") VALUES (56,8,6,6,'2026-06-01 00:00:00','2026-06-07 00:00:00',0,NULL,NULL,NULL,NULL,'2026-05-06 00:25:42','2026-05-06 00:25:42');
INSERT INTO "weeks" ("id","business_id","academic_term_id","week_number","start_date","end_date","is_partial","start_dow","public_holidays","pupil_free_days","notes","created_at","updated_at") VALUES (57,8,6,7,'2026-06-08 00:00:00','2026-06-14 00:00:00',0,NULL,'[{"date":"2026-06-08","name":"King''s Birthday"}]',NULL,NULL,'2026-05-06 00:25:42','2026-05-06 00:25:42');
INSERT INTO "weeks" ("id","business_id","academic_term_id","week_number","start_date","end_date","is_partial","start_dow","public_holidays","pupil_free_days","notes","created_at","updated_at") VALUES (58,8,6,8,'2026-06-15 00:00:00','2026-06-21 00:00:00',0,NULL,NULL,NULL,NULL,'2026-05-06 00:25:42','2026-05-06 00:25:42');
INSERT INTO "weeks" ("id","business_id","academic_term_id","week_number","start_date","end_date","is_partial","start_dow","public_holidays","pupil_free_days","notes","created_at","updated_at") VALUES (59,8,6,9,'2026-06-22 00:00:00','2026-06-28 00:00:00',0,NULL,NULL,NULL,NULL,'2026-05-06 00:25:42','2026-05-06 00:25:42');
INSERT INTO "weeks" ("id","business_id","academic_term_id","week_number","start_date","end_date","is_partial","start_dow","public_holidays","pupil_free_days","notes","created_at","updated_at") VALUES (60,8,6,10,'2026-06-29 00:00:00','2026-07-03 00:00:00',1,1,NULL,NULL,NULL,'2026-05-06 00:25:42','2026-05-06 00:25:42');
INSERT INTO "weeks" ("id","business_id","academic_term_id","week_number","start_date","end_date","is_partial","start_dow","public_holidays","pupil_free_days","notes","created_at","updated_at") VALUES (61,8,7,1,'2026-07-21 00:00:00','2026-07-26 00:00:00',1,2,NULL,NULL,NULL,'2026-05-06 00:25:42','2026-05-06 00:25:42');
INSERT INTO "weeks" ("id","business_id","academic_term_id","week_number","start_date","end_date","is_partial","start_dow","public_holidays","pupil_free_days","notes","created_at","updated_at") VALUES (62,8,7,2,'2026-07-27 00:00:00','2026-08-02 00:00:00',0,NULL,NULL,NULL,NULL,'2026-05-06 00:25:42','2026-05-06 00:25:42');
INSERT INTO "weeks" ("id","business_id","academic_term_id","week_number","start_date","end_date","is_partial","start_dow","public_holidays","pupil_free_days","notes","created_at","updated_at") VALUES (63,8,7,3,'2026-08-03 00:00:00','2026-08-09 00:00:00',0,NULL,NULL,NULL,NULL,'2026-05-06 00:25:42','2026-05-06 00:25:42');
INSERT INTO "weeks" ("id","business_id","academic_term_id","week_number","start_date","end_date","is_partial","start_dow","public_holidays","pupil_free_days","notes","created_at","updated_at") VALUES (64,8,7,4,'2026-08-10 00:00:00','2026-08-16 00:00:00',0,NULL,NULL,NULL,NULL,'2026-05-06 00:25:42','2026-05-06 00:25:42');
INSERT INTO "weeks" ("id","business_id","academic_term_id","week_number","start_date","end_date","is_partial","start_dow","public_holidays","pupil_free_days","notes","created_at","updated_at") VALUES (65,8,7,5,'2026-08-17 00:00:00','2026-08-23 00:00:00',0,NULL,NULL,NULL,NULL,'2026-05-06 00:25:42','2026-05-06 00:25:42');
INSERT INTO "weeks" ("id","business_id","academic_term_id","week_number","start_date","end_date","is_partial","start_dow","public_holidays","pupil_free_days","notes","created_at","updated_at") VALUES (66,8,7,6,'2026-08-24 00:00:00','2026-08-30 00:00:00',0,NULL,NULL,NULL,NULL,'2026-05-06 00:25:42','2026-05-06 00:25:42');
INSERT INTO "weeks" ("id","business_id","academic_term_id","week_number","start_date","end_date","is_partial","start_dow","public_holidays","pupil_free_days","notes","created_at","updated_at") VALUES (67,8,7,7,'2026-08-31 00:00:00','2026-09-06 00:00:00',0,NULL,NULL,NULL,NULL,'2026-05-06 00:25:42','2026-05-06 00:25:42');
INSERT INTO "weeks" ("id","business_id","academic_term_id","week_number","start_date","end_date","is_partial","start_dow","public_holidays","pupil_free_days","notes","created_at","updated_at") VALUES (68,8,7,8,'2026-09-07 00:00:00','2026-09-13 00:00:00',0,NULL,NULL,NULL,NULL,'2026-05-06 00:25:42','2026-05-06 00:25:42');
INSERT INTO "weeks" ("id","business_id","academic_term_id","week_number","start_date","end_date","is_partial","start_dow","public_holidays","pupil_free_days","notes","created_at","updated_at") VALUES (69,8,7,9,'2026-09-14 00:00:00','2026-09-20 00:00:00',0,NULL,NULL,NULL,NULL,'2026-05-06 00:25:42','2026-05-06 00:25:42');
INSERT INTO "weeks" ("id","business_id","academic_term_id","week_number","start_date","end_date","is_partial","start_dow","public_holidays","pupil_free_days","notes","created_at","updated_at") VALUES (70,8,7,10,'2026-09-21 00:00:00','2026-09-25 00:00:00',1,1,NULL,NULL,NULL,'2026-05-06 00:25:42','2026-05-06 00:25:42');
INSERT INTO "weeks" ("id","business_id","academic_term_id","week_number","start_date","end_date","is_partial","start_dow","public_holidays","pupil_free_days","notes","created_at","updated_at") VALUES (71,8,8,1,'2026-10-13 00:00:00','2026-10-18 00:00:00',1,2,NULL,NULL,NULL,'2026-05-06 00:25:42','2026-05-06 00:25:42');
INSERT INTO "weeks" ("id","business_id","academic_term_id","week_number","start_date","end_date","is_partial","start_dow","public_holidays","pupil_free_days","notes","created_at","updated_at") VALUES (72,8,8,2,'2026-10-19 00:00:00','2026-10-25 00:00:00',0,NULL,NULL,NULL,NULL,'2026-05-06 00:25:42','2026-05-06 00:25:42');
INSERT INTO "weeks" ("id","business_id","academic_term_id","week_number","start_date","end_date","is_partial","start_dow","public_holidays","pupil_free_days","notes","created_at","updated_at") VALUES (73,8,8,3,'2026-10-26 00:00:00','2026-11-01 00:00:00',0,NULL,NULL,NULL,NULL,'2026-05-06 00:25:42','2026-05-06 00:25:42');
INSERT INTO "weeks" ("id","business_id","academic_term_id","week_number","start_date","end_date","is_partial","start_dow","public_holidays","pupil_free_days","notes","created_at","updated_at") VALUES (74,8,8,4,'2026-11-02 00:00:00','2026-11-08 00:00:00',0,NULL,NULL,NULL,NULL,'2026-05-06 00:25:42','2026-05-06 00:25:42');
INSERT INTO "weeks" ("id","business_id","academic_term_id","week_number","start_date","end_date","is_partial","start_dow","public_holidays","pupil_free_days","notes","created_at","updated_at") VALUES (75,8,8,5,'2026-11-09 00:00:00','2026-11-15 00:00:00',0,NULL,NULL,NULL,NULL,'2026-05-06 00:25:42','2026-05-06 00:25:42');
INSERT INTO "weeks" ("id","business_id","academic_term_id","week_number","start_date","end_date","is_partial","start_dow","public_holidays","pupil_free_days","notes","created_at","updated_at") VALUES (76,8,8,6,'2026-11-16 00:00:00','2026-11-22 00:00:00',0,NULL,NULL,NULL,NULL,'2026-05-06 00:25:42','2026-05-06 00:25:42');
INSERT INTO "weeks" ("id","business_id","academic_term_id","week_number","start_date","end_date","is_partial","start_dow","public_holidays","pupil_free_days","notes","created_at","updated_at") VALUES (77,8,8,7,'2026-11-23 00:00:00','2026-11-29 00:00:00',0,NULL,NULL,NULL,NULL,'2026-05-06 00:25:42','2026-05-06 00:25:42');
INSERT INTO "weeks" ("id","business_id","academic_term_id","week_number","start_date","end_date","is_partial","start_dow","public_holidays","pupil_free_days","notes","created_at","updated_at") VALUES (78,8,8,8,'2026-11-30 00:00:00','2026-12-06 00:00:00',0,NULL,NULL,NULL,NULL,'2026-05-06 00:25:42','2026-05-06 00:25:42');
INSERT INTO "weeks" ("id","business_id","academic_term_id","week_number","start_date","end_date","is_partial","start_dow","public_holidays","pupil_free_days","notes","created_at","updated_at") VALUES (79,8,8,9,'2026-12-07 00:00:00','2026-12-13 00:00:00',0,NULL,NULL,NULL,NULL,'2026-05-06 00:25:42','2026-05-06 00:25:42');
INSERT INTO "weeks" ("id","business_id","academic_term_id","week_number","start_date","end_date","is_partial","start_dow","public_holidays","pupil_free_days","notes","created_at","updated_at") VALUES (80,8,8,10,'2026-12-14 00:00:00','2026-12-18 00:00:00',1,1,NULL,NULL,NULL,'2026-05-06 00:25:42','2026-05-06 00:25:42');
INSERT INTO "weeks" ("id","business_id","academic_term_id","week_number","start_date","end_date","is_partial","start_dow","public_holidays","pupil_free_days","notes","created_at","updated_at") VALUES (81,9,9,1,'2026-02-02 00:00:00','2026-02-08 00:00:00',0,NULL,NULL,NULL,NULL,'2026-05-06 00:25:42','2026-05-06 00:25:42');
INSERT INTO "weeks" ("id","business_id","academic_term_id","week_number","start_date","end_date","is_partial","start_dow","public_holidays","pupil_free_days","notes","created_at","updated_at") VALUES (82,9,9,2,'2026-02-09 00:00:00','2026-02-15 00:00:00',0,NULL,NULL,NULL,NULL,'2026-05-06 00:25:42','2026-05-06 00:25:42');
INSERT INTO "weeks" ("id","business_id","academic_term_id","week_number","start_date","end_date","is_partial","start_dow","public_holidays","pupil_free_days","notes","created_at","updated_at") VALUES (83,9,9,3,'2026-02-16 00:00:00','2026-02-22 00:00:00',0,NULL,NULL,NULL,NULL,'2026-05-06 00:25:42','2026-05-06 00:25:42');
INSERT INTO "weeks" ("id","business_id","academic_term_id","week_number","start_date","end_date","is_partial","start_dow","public_holidays","pupil_free_days","notes","created_at","updated_at") VALUES (84,9,9,4,'2026-02-23 00:00:00','2026-03-01 00:00:00',0,NULL,NULL,NULL,NULL,'2026-05-06 00:25:42','2026-05-06 00:25:42');
INSERT INTO "weeks" ("id","business_id","academic_term_id","week_number","start_date","end_date","is_partial","start_dow","public_holidays","pupil_free_days","notes","created_at","updated_at") VALUES (85,9,9,5,'2026-03-02 00:00:00','2026-03-08 00:00:00',0,NULL,NULL,NULL,NULL,'2026-05-06 00:25:42','2026-05-06 00:25:42');
INSERT INTO "weeks" ("id","business_id","academic_term_id","week_number","start_date","end_date","is_partial","start_dow","public_holidays","pupil_free_days","notes","created_at","updated_at") VALUES (86,9,9,6,'2026-03-09 00:00:00','2026-03-15 00:00:00',0,NULL,NULL,NULL,NULL,'2026-05-06 00:25:42','2026-05-06 00:25:42');
INSERT INTO "weeks" ("id","business_id","academic_term_id","week_number","start_date","end_date","is_partial","start_dow","public_holidays","pupil_free_days","notes","created_at","updated_at") VALUES (87,9,9,7,'2026-03-16 00:00:00','2026-03-22 00:00:00',0,NULL,NULL,NULL,NULL,'2026-05-06 00:25:42','2026-05-06 00:25:42');
INSERT INTO "weeks" ("id","business_id","academic_term_id","week_number","start_date","end_date","is_partial","start_dow","public_holidays","pupil_free_days","notes","created_at","updated_at") VALUES (88,9,9,8,'2026-03-23 00:00:00','2026-03-29 00:00:00',0,NULL,NULL,NULL,NULL,'2026-05-06 00:25:42','2026-05-06 00:25:42');
INSERT INTO "weeks" ("id","business_id","academic_term_id","week_number","start_date","end_date","is_partial","start_dow","public_holidays","pupil_free_days","notes","created_at","updated_at") VALUES (89,9,9,9,'2026-03-30 00:00:00','2026-04-05 00:00:00',0,NULL,'[{"date":"2026-04-03","name":"Good Friday"},{"date":"2026-04-04","name":"Easter Saturday"},{"date":"2026-04-05","name":"Easter Sunday"}]',NULL,NULL,'2026-05-06 00:25:42','2026-05-06 00:25:42');
INSERT INTO "weeks" ("id","business_id","academic_term_id","week_number","start_date","end_date","is_partial","start_dow","public_holidays","pupil_free_days","notes","created_at","updated_at") VALUES (90,9,9,10,'2026-04-06 00:00:00','2026-04-09 00:00:00',1,1,'[{"date":"2026-04-06","name":"Easter Monday"}]',NULL,NULL,'2026-05-06 00:25:42','2026-05-06 00:25:42');
INSERT INTO "weeks" ("id","business_id","academic_term_id","week_number","start_date","end_date","is_partial","start_dow","public_holidays","pupil_free_days","notes","created_at","updated_at") VALUES (101,9,11,1,'2026-07-21 00:00:00','2026-07-26 00:00:00',1,2,NULL,NULL,NULL,'2026-05-06 00:25:42','2026-05-06 00:25:42');
INSERT INTO "weeks" ("id","business_id","academic_term_id","week_number","start_date","end_date","is_partial","start_dow","public_holidays","pupil_free_days","notes","created_at","updated_at") VALUES (102,9,11,2,'2026-07-27 00:00:00','2026-08-02 00:00:00',0,NULL,NULL,NULL,NULL,'2026-05-06 00:25:42','2026-05-06 00:25:42');
INSERT INTO "weeks" ("id","business_id","academic_term_id","week_number","start_date","end_date","is_partial","start_dow","public_holidays","pupil_free_days","notes","created_at","updated_at") VALUES (103,9,11,3,'2026-08-03 00:00:00','2026-08-09 00:00:00',0,NULL,NULL,NULL,NULL,'2026-05-06 00:25:42','2026-05-06 00:25:42');
INSERT INTO "weeks" ("id","business_id","academic_term_id","week_number","start_date","end_date","is_partial","start_dow","public_holidays","pupil_free_days","notes","created_at","updated_at") VALUES (104,9,11,4,'2026-08-10 00:00:00','2026-08-16 00:00:00',0,NULL,NULL,NULL,NULL,'2026-05-06 00:25:42','2026-05-06 00:25:42');
INSERT INTO "weeks" ("id","business_id","academic_term_id","week_number","start_date","end_date","is_partial","start_dow","public_holidays","pupil_free_days","notes","created_at","updated_at") VALUES (105,9,11,5,'2026-08-17 00:00:00','2026-08-23 00:00:00',0,NULL,NULL,NULL,NULL,'2026-05-06 00:25:42','2026-05-06 00:25:42');
INSERT INTO "weeks" ("id","business_id","academic_term_id","week_number","start_date","end_date","is_partial","start_dow","public_holidays","pupil_free_days","notes","created_at","updated_at") VALUES (106,9,11,6,'2026-08-24 00:00:00','2026-08-30 00:00:00',0,NULL,NULL,NULL,NULL,'2026-05-06 00:25:42','2026-05-06 00:25:42');
INSERT INTO "weeks" ("id","business_id","academic_term_id","week_number","start_date","end_date","is_partial","start_dow","public_holidays","pupil_free_days","notes","created_at","updated_at") VALUES (107,9,11,7,'2026-08-31 00:00:00','2026-09-06 00:00:00',0,NULL,NULL,NULL,NULL,'2026-05-06 00:25:42','2026-05-06 00:25:42');
INSERT INTO "weeks" ("id","business_id","academic_term_id","week_number","start_date","end_date","is_partial","start_dow","public_holidays","pupil_free_days","notes","created_at","updated_at") VALUES (108,9,11,8,'2026-09-07 00:00:00','2026-09-13 00:00:00',0,NULL,NULL,NULL,NULL,'2026-05-06 00:25:42','2026-05-06 00:25:42');
INSERT INTO "weeks" ("id","business_id","academic_term_id","week_number","start_date","end_date","is_partial","start_dow","public_holidays","pupil_free_days","notes","created_at","updated_at") VALUES (109,9,11,9,'2026-09-14 00:00:00','2026-09-20 00:00:00',0,NULL,NULL,NULL,NULL,'2026-05-06 00:25:42','2026-05-06 00:25:42');
INSERT INTO "weeks" ("id","business_id","academic_term_id","week_number","start_date","end_date","is_partial","start_dow","public_holidays","pupil_free_days","notes","created_at","updated_at") VALUES (110,9,11,10,'2026-09-21 00:00:00','2026-09-25 00:00:00',1,1,NULL,NULL,NULL,'2026-05-06 00:25:42','2026-05-06 00:25:42');
INSERT INTO "weeks" ("id","business_id","academic_term_id","week_number","start_date","end_date","is_partial","start_dow","public_holidays","pupil_free_days","notes","created_at","updated_at") VALUES (111,9,12,1,'2026-10-13 00:00:00','2026-10-18 00:00:00',1,2,NULL,NULL,NULL,'2026-05-06 00:25:42','2026-05-06 00:25:42');
INSERT INTO "weeks" ("id","business_id","academic_term_id","week_number","start_date","end_date","is_partial","start_dow","public_holidays","pupil_free_days","notes","created_at","updated_at") VALUES (112,9,12,2,'2026-10-19 00:00:00','2026-10-25 00:00:00',0,NULL,NULL,NULL,NULL,'2026-05-06 00:25:42','2026-05-06 00:25:42');
INSERT INTO "weeks" ("id","business_id","academic_term_id","week_number","start_date","end_date","is_partial","start_dow","public_holidays","pupil_free_days","notes","created_at","updated_at") VALUES (113,9,12,3,'2026-10-26 00:00:00','2026-11-01 00:00:00',0,NULL,NULL,NULL,NULL,'2026-05-06 00:25:42','2026-05-06 00:25:42');
INSERT INTO "weeks" ("id","business_id","academic_term_id","week_number","start_date","end_date","is_partial","start_dow","public_holidays","pupil_free_days","notes","created_at","updated_at") VALUES (114,9,12,4,'2026-11-02 00:00:00','2026-11-08 00:00:00',0,NULL,NULL,NULL,NULL,'2026-05-06 00:25:42','2026-05-06 00:25:42');
INSERT INTO "weeks" ("id","business_id","academic_term_id","week_number","start_date","end_date","is_partial","start_dow","public_holidays","pupil_free_days","notes","created_at","updated_at") VALUES (115,9,12,5,'2026-11-09 00:00:00','2026-11-15 00:00:00',0,NULL,NULL,NULL,NULL,'2026-05-06 00:25:42','2026-05-06 00:25:42');
INSERT INTO "weeks" ("id","business_id","academic_term_id","week_number","start_date","end_date","is_partial","start_dow","public_holidays","pupil_free_days","notes","created_at","updated_at") VALUES (116,9,12,6,'2026-11-16 00:00:00','2026-11-22 00:00:00',0,NULL,NULL,NULL,NULL,'2026-05-06 00:25:42','2026-05-06 00:25:42');
INSERT INTO "weeks" ("id","business_id","academic_term_id","week_number","start_date","end_date","is_partial","start_dow","public_holidays","pupil_free_days","notes","created_at","updated_at") VALUES (117,9,12,7,'2026-11-23 00:00:00','2026-11-29 00:00:00',0,NULL,NULL,NULL,NULL,'2026-05-06 00:25:42','2026-05-06 00:25:42');
INSERT INTO "weeks" ("id","business_id","academic_term_id","week_number","start_date","end_date","is_partial","start_dow","public_holidays","pupil_free_days","notes","created_at","updated_at") VALUES (118,9,12,8,'2026-11-30 00:00:00','2026-12-06 00:00:00',0,NULL,NULL,NULL,NULL,'2026-05-06 00:25:42','2026-05-06 00:25:42');
INSERT INTO "weeks" ("id","business_id","academic_term_id","week_number","start_date","end_date","is_partial","start_dow","public_holidays","pupil_free_days","notes","created_at","updated_at") VALUES (119,9,12,9,'2026-12-07 00:00:00','2026-12-13 00:00:00',0,NULL,NULL,NULL,NULL,'2026-05-06 00:25:42','2026-05-06 00:25:42');
INSERT INTO "weeks" ("id","business_id","academic_term_id","week_number","start_date","end_date","is_partial","start_dow","public_holidays","pupil_free_days","notes","created_at","updated_at") VALUES (120,9,12,10,'2026-12-14 00:00:00','2026-12-18 00:00:00',1,1,NULL,NULL,NULL,'2026-05-06 00:25:42','2026-05-06 00:25:42');
INSERT INTO "weeks" ("id","business_id","academic_term_id","week_number","start_date","end_date","is_partial","start_dow","public_holidays","pupil_free_days","notes","created_at","updated_at") VALUES (121,10,13,1,'2026-02-02 00:00:00','2026-02-08 00:00:00',0,NULL,NULL,NULL,NULL,'2026-05-06 00:26:09','2026-05-06 00:26:09');
INSERT INTO "weeks" ("id","business_id","academic_term_id","week_number","start_date","end_date","is_partial","start_dow","public_holidays","pupil_free_days","notes","created_at","updated_at") VALUES (122,10,13,2,'2026-02-09 00:00:00','2026-02-15 00:00:00',0,NULL,NULL,NULL,NULL,'2026-05-06 00:26:09','2026-05-06 00:26:09');
INSERT INTO "weeks" ("id","business_id","academic_term_id","week_number","start_date","end_date","is_partial","start_dow","public_holidays","pupil_free_days","notes","created_at","updated_at") VALUES (123,10,13,3,'2026-02-16 00:00:00','2026-02-22 00:00:00',0,NULL,NULL,NULL,NULL,'2026-05-06 00:26:09','2026-05-06 00:26:09');
INSERT INTO "weeks" ("id","business_id","academic_term_id","week_number","start_date","end_date","is_partial","start_dow","public_holidays","pupil_free_days","notes","created_at","updated_at") VALUES (124,10,13,4,'2026-02-23 00:00:00','2026-03-01 00:00:00',0,NULL,NULL,NULL,NULL,'2026-05-06 00:26:09','2026-05-06 00:26:09');
INSERT INTO "weeks" ("id","business_id","academic_term_id","week_number","start_date","end_date","is_partial","start_dow","public_holidays","pupil_free_days","notes","created_at","updated_at") VALUES (125,10,13,5,'2026-03-02 00:00:00','2026-03-08 00:00:00',0,NULL,NULL,NULL,NULL,'2026-05-06 00:26:09','2026-05-06 00:26:09');
INSERT INTO "weeks" ("id","business_id","academic_term_id","week_number","start_date","end_date","is_partial","start_dow","public_holidays","pupil_free_days","notes","created_at","updated_at") VALUES (126,10,13,6,'2026-03-09 00:00:00','2026-03-15 00:00:00',0,NULL,NULL,NULL,NULL,'2026-05-06 00:26:09','2026-05-06 00:26:09');
INSERT INTO "weeks" ("id","business_id","academic_term_id","week_number","start_date","end_date","is_partial","start_dow","public_holidays","pupil_free_days","notes","created_at","updated_at") VALUES (127,10,13,7,'2026-03-16 00:00:00','2026-03-22 00:00:00',0,NULL,NULL,NULL,NULL,'2026-05-06 00:26:09','2026-05-06 00:26:09');
INSERT INTO "weeks" ("id","business_id","academic_term_id","week_number","start_date","end_date","is_partial","start_dow","public_holidays","pupil_free_days","notes","created_at","updated_at") VALUES (128,10,13,8,'2026-03-23 00:00:00','2026-03-29 00:00:00',0,NULL,NULL,NULL,NULL,'2026-05-06 00:26:09','2026-05-06 00:26:09');
INSERT INTO "weeks" ("id","business_id","academic_term_id","week_number","start_date","end_date","is_partial","start_dow","public_holidays","pupil_free_days","notes","created_at","updated_at") VALUES (129,10,13,9,'2026-03-30 00:00:00','2026-04-05 00:00:00',0,NULL,'[{"date":"2026-04-03","name":"Good Friday"},{"date":"2026-04-04","name":"Easter Saturday"},{"date":"2026-04-05","name":"Easter Sunday"}]',NULL,NULL,'2026-05-06 00:26:09','2026-05-06 00:26:09');
INSERT INTO "weeks" ("id","business_id","academic_term_id","week_number","start_date","end_date","is_partial","start_dow","public_holidays","pupil_free_days","notes","created_at","updated_at") VALUES (130,10,13,10,'2026-04-06 00:00:00','2026-04-09 00:00:00',1,1,'[{"date":"2026-04-06","name":"Easter Monday"}]',NULL,NULL,'2026-05-06 00:26:09','2026-05-06 00:26:09');
INSERT INTO "weeks" ("id","business_id","academic_term_id","week_number","start_date","end_date","is_partial","start_dow","public_holidays","pupil_free_days","notes","created_at","updated_at") VALUES (131,10,14,1,'2026-04-27 00:00:00','2026-05-03 00:00:00',0,NULL,NULL,NULL,NULL,'2026-05-06 00:26:09','2026-05-06 00:26:09');
INSERT INTO "weeks" ("id","business_id","academic_term_id","week_number","start_date","end_date","is_partial","start_dow","public_holidays","pupil_free_days","notes","created_at","updated_at") VALUES (132,10,14,2,'2026-05-04 00:00:00','2026-05-10 00:00:00',0,NULL,NULL,NULL,NULL,'2026-05-06 00:26:09','2026-05-06 00:26:09');
INSERT INTO "weeks" ("id","business_id","academic_term_id","week_number","start_date","end_date","is_partial","start_dow","public_holidays","pupil_free_days","notes","created_at","updated_at") VALUES (133,10,14,3,'2026-05-11 00:00:00','2026-05-17 00:00:00',0,NULL,NULL,NULL,NULL,'2026-05-06 00:26:09','2026-05-06 00:26:09');
INSERT INTO "weeks" ("id","business_id","academic_term_id","week_number","start_date","end_date","is_partial","start_dow","public_holidays","pupil_free_days","notes","created_at","updated_at") VALUES (134,10,14,4,'2026-05-18 00:00:00','2026-05-24 00:00:00',0,NULL,NULL,NULL,NULL,'2026-05-06 00:26:09','2026-05-06 00:26:09');
INSERT INTO "weeks" ("id","business_id","academic_term_id","week_number","start_date","end_date","is_partial","start_dow","public_holidays","pupil_free_days","notes","created_at","updated_at") VALUES (135,10,14,5,'2026-05-25 00:00:00','2026-05-31 00:00:00',0,NULL,NULL,NULL,NULL,'2026-05-06 00:26:09','2026-05-06 00:26:09');
INSERT INTO "weeks" ("id","business_id","academic_term_id","week_number","start_date","end_date","is_partial","start_dow","public_holidays","pupil_free_days","notes","created_at","updated_at") VALUES (136,10,14,6,'2026-06-01 00:00:00','2026-06-07 00:00:00',0,NULL,NULL,NULL,NULL,'2026-05-06 00:26:09','2026-05-06 00:26:09');
INSERT INTO "weeks" ("id","business_id","academic_term_id","week_number","start_date","end_date","is_partial","start_dow","public_holidays","pupil_free_days","notes","created_at","updated_at") VALUES (137,10,14,7,'2026-06-08 00:00:00','2026-06-14 00:00:00',0,NULL,'[{"date":"2026-06-08","name":"King''s Birthday"}]',NULL,NULL,'2026-05-06 00:26:09','2026-05-06 00:26:09');
INSERT INTO "weeks" ("id","business_id","academic_term_id","week_number","start_date","end_date","is_partial","start_dow","public_holidays","pupil_free_days","notes","created_at","updated_at") VALUES (138,10,14,8,'2026-06-15 00:00:00','2026-06-21 00:00:00',0,NULL,NULL,NULL,NULL,'2026-05-06 00:26:09','2026-05-06 00:26:09');
INSERT INTO "weeks" ("id","business_id","academic_term_id","week_number","start_date","end_date","is_partial","start_dow","public_holidays","pupil_free_days","notes","created_at","updated_at") VALUES (139,10,14,9,'2026-06-22 00:00:00','2026-06-28 00:00:00',0,NULL,NULL,NULL,NULL,'2026-05-06 00:26:09','2026-05-06 00:26:09');
INSERT INTO "weeks" ("id","business_id","academic_term_id","week_number","start_date","end_date","is_partial","start_dow","public_holidays","pupil_free_days","notes","created_at","updated_at") VALUES (140,10,14,10,'2026-06-29 00:00:00','2026-07-03 00:00:00',1,1,NULL,NULL,NULL,'2026-05-06 00:26:09','2026-05-06 00:26:09');
INSERT INTO "weeks" ("id","business_id","academic_term_id","week_number","start_date","end_date","is_partial","start_dow","public_holidays","pupil_free_days","notes","created_at","updated_at") VALUES (141,10,15,1,'2026-07-21 00:00:00','2026-07-26 00:00:00',1,2,NULL,NULL,NULL,'2026-05-06 00:26:09','2026-05-06 00:26:09');
INSERT INTO "weeks" ("id","business_id","academic_term_id","week_number","start_date","end_date","is_partial","start_dow","public_holidays","pupil_free_days","notes","created_at","updated_at") VALUES (142,10,15,2,'2026-07-27 00:00:00','2026-08-02 00:00:00',0,NULL,NULL,NULL,NULL,'2026-05-06 00:26:09','2026-05-06 00:26:09');
INSERT INTO "weeks" ("id","business_id","academic_term_id","week_number","start_date","end_date","is_partial","start_dow","public_holidays","pupil_free_days","notes","created_at","updated_at") VALUES (143,10,15,3,'2026-08-03 00:00:00','2026-08-09 00:00:00',0,NULL,NULL,NULL,NULL,'2026-05-06 00:26:09','2026-05-06 00:26:09');
INSERT INTO "weeks" ("id","business_id","academic_term_id","week_number","start_date","end_date","is_partial","start_dow","public_holidays","pupil_free_days","notes","created_at","updated_at") VALUES (144,10,15,4,'2026-08-10 00:00:00','2026-08-16 00:00:00',0,NULL,NULL,NULL,NULL,'2026-05-06 00:26:09','2026-05-06 00:26:09');
INSERT INTO "weeks" ("id","business_id","academic_term_id","week_number","start_date","end_date","is_partial","start_dow","public_holidays","pupil_free_days","notes","created_at","updated_at") VALUES (145,10,15,5,'2026-08-17 00:00:00','2026-08-23 00:00:00',0,NULL,NULL,NULL,NULL,'2026-05-06 00:26:09','2026-05-06 00:26:09');
INSERT INTO "weeks" ("id","business_id","academic_term_id","week_number","start_date","end_date","is_partial","start_dow","public_holidays","pupil_free_days","notes","created_at","updated_at") VALUES (146,10,15,6,'2026-08-24 00:00:00','2026-08-30 00:00:00',0,NULL,NULL,NULL,NULL,'2026-05-06 00:26:09','2026-05-06 00:26:09');
INSERT INTO "weeks" ("id","business_id","academic_term_id","week_number","start_date","end_date","is_partial","start_dow","public_holidays","pupil_free_days","notes","created_at","updated_at") VALUES (147,10,15,7,'2026-08-31 00:00:00','2026-09-06 00:00:00',0,NULL,NULL,NULL,NULL,'2026-05-06 00:26:09','2026-05-06 00:26:09');
INSERT INTO "weeks" ("id","business_id","academic_term_id","week_number","start_date","end_date","is_partial","start_dow","public_holidays","pupil_free_days","notes","created_at","updated_at") VALUES (148,10,15,8,'2026-09-07 00:00:00','2026-09-13 00:00:00',0,NULL,NULL,NULL,NULL,'2026-05-06 00:26:09','2026-05-06 00:26:09');
INSERT INTO "weeks" ("id","business_id","academic_term_id","week_number","start_date","end_date","is_partial","start_dow","public_holidays","pupil_free_days","notes","created_at","updated_at") VALUES (149,10,15,9,'2026-09-14 00:00:00','2026-09-20 00:00:00',0,NULL,NULL,NULL,NULL,'2026-05-06 00:26:09','2026-05-06 00:26:09');
INSERT INTO "weeks" ("id","business_id","academic_term_id","week_number","start_date","end_date","is_partial","start_dow","public_holidays","pupil_free_days","notes","created_at","updated_at") VALUES (150,10,15,10,'2026-09-21 00:00:00','2026-09-25 00:00:00',1,1,NULL,NULL,NULL,'2026-05-06 00:26:09','2026-05-06 00:26:09');
INSERT INTO "weeks" ("id","business_id","academic_term_id","week_number","start_date","end_date","is_partial","start_dow","public_holidays","pupil_free_days","notes","created_at","updated_at") VALUES (151,10,16,1,'2026-10-13 00:00:00','2026-10-18 00:00:00',1,2,NULL,NULL,NULL,'2026-05-06 00:26:09','2026-05-06 00:26:09');
INSERT INTO "weeks" ("id","business_id","academic_term_id","week_number","start_date","end_date","is_partial","start_dow","public_holidays","pupil_free_days","notes","created_at","updated_at") VALUES (152,10,16,2,'2026-10-19 00:00:00','2026-10-25 00:00:00',0,NULL,NULL,NULL,NULL,'2026-05-06 00:26:09','2026-05-06 00:26:09');
INSERT INTO "weeks" ("id","business_id","academic_term_id","week_number","start_date","end_date","is_partial","start_dow","public_holidays","pupil_free_days","notes","created_at","updated_at") VALUES (153,10,16,3,'2026-10-26 00:00:00','2026-11-01 00:00:00',0,NULL,NULL,NULL,NULL,'2026-05-06 00:26:09','2026-05-06 00:26:09');
INSERT INTO "weeks" ("id","business_id","academic_term_id","week_number","start_date","end_date","is_partial","start_dow","public_holidays","pupil_free_days","notes","created_at","updated_at") VALUES (154,10,16,4,'2026-11-02 00:00:00','2026-11-08 00:00:00',0,NULL,NULL,NULL,NULL,'2026-05-06 00:26:09','2026-05-06 00:26:09');
INSERT INTO "weeks" ("id","business_id","academic_term_id","week_number","start_date","end_date","is_partial","start_dow","public_holidays","pupil_free_days","notes","created_at","updated_at") VALUES (155,10,16,5,'2026-11-09 00:00:00','2026-11-15 00:00:00',0,NULL,NULL,NULL,NULL,'2026-05-06 00:26:09','2026-05-06 00:26:09');
INSERT INTO "weeks" ("id","business_id","academic_term_id","week_number","start_date","end_date","is_partial","start_dow","public_holidays","pupil_free_days","notes","created_at","updated_at") VALUES (156,10,16,6,'2026-11-16 00:00:00','2026-11-22 00:00:00',0,NULL,NULL,NULL,NULL,'2026-05-06 00:26:09','2026-05-06 00:26:09');
INSERT INTO "weeks" ("id","business_id","academic_term_id","week_number","start_date","end_date","is_partial","start_dow","public_holidays","pupil_free_days","notes","created_at","updated_at") VALUES (157,10,16,7,'2026-11-23 00:00:00','2026-11-29 00:00:00',0,NULL,NULL,NULL,NULL,'2026-05-06 00:26:09','2026-05-06 00:26:09');
INSERT INTO "weeks" ("id","business_id","academic_term_id","week_number","start_date","end_date","is_partial","start_dow","public_holidays","pupil_free_days","notes","created_at","updated_at") VALUES (158,10,16,8,'2026-11-30 00:00:00','2026-12-06 00:00:00',0,NULL,NULL,NULL,NULL,'2026-05-06 00:26:09','2026-05-06 00:26:09');
INSERT INTO "weeks" ("id","business_id","academic_term_id","week_number","start_date","end_date","is_partial","start_dow","public_holidays","pupil_free_days","notes","created_at","updated_at") VALUES (159,10,16,9,'2026-12-07 00:00:00','2026-12-13 00:00:00',0,NULL,NULL,NULL,NULL,'2026-05-06 00:26:09','2026-05-06 00:26:09');
INSERT INTO "weeks" ("id","business_id","academic_term_id","week_number","start_date","end_date","is_partial","start_dow","public_holidays","pupil_free_days","notes","created_at","updated_at") VALUES (160,10,16,10,'2026-12-14 00:00:00','2026-12-18 00:00:00',1,1,NULL,NULL,NULL,'2026-05-06 00:26:09','2026-05-06 00:26:09');
INSERT INTO "weeks" ("id","business_id","academic_term_id","week_number","start_date","end_date","is_partial","start_dow","public_holidays","pupil_free_days","notes","created_at","updated_at") VALUES (161,1,17,1,'2026-02-02 00:00:00','2026-02-08 00:00:00',0,NULL,NULL,NULL,NULL,'2026-05-07 02:11:59','2026-05-07 02:11:59');
INSERT INTO "weeks" ("id","business_id","academic_term_id","week_number","start_date","end_date","is_partial","start_dow","public_holidays","pupil_free_days","notes","created_at","updated_at") VALUES (162,1,17,2,'2026-02-09 00:00:00','2026-02-15 00:00:00',0,NULL,NULL,NULL,NULL,'2026-05-07 02:11:59','2026-05-07 02:11:59');
INSERT INTO "weeks" ("id","business_id","academic_term_id","week_number","start_date","end_date","is_partial","start_dow","public_holidays","pupil_free_days","notes","created_at","updated_at") VALUES (163,1,17,3,'2026-02-16 00:00:00','2026-02-22 00:00:00',0,NULL,NULL,NULL,NULL,'2026-05-07 02:11:59','2026-05-07 02:11:59');
INSERT INTO "weeks" ("id","business_id","academic_term_id","week_number","start_date","end_date","is_partial","start_dow","public_holidays","pupil_free_days","notes","created_at","updated_at") VALUES (164,1,17,4,'2026-02-23 00:00:00','2026-03-01 00:00:00',0,NULL,NULL,NULL,NULL,'2026-05-07 02:11:59','2026-05-07 02:11:59');
INSERT INTO "weeks" ("id","business_id","academic_term_id","week_number","start_date","end_date","is_partial","start_dow","public_holidays","pupil_free_days","notes","created_at","updated_at") VALUES (165,1,17,5,'2026-03-02 00:00:00','2026-03-08 00:00:00',0,NULL,NULL,NULL,NULL,'2026-05-07 02:11:59','2026-05-07 02:11:59');
INSERT INTO "weeks" ("id","business_id","academic_term_id","week_number","start_date","end_date","is_partial","start_dow","public_holidays","pupil_free_days","notes","created_at","updated_at") VALUES (166,1,17,6,'2026-03-09 00:00:00','2026-03-15 00:00:00',0,NULL,NULL,NULL,NULL,'2026-05-07 02:11:59','2026-05-07 02:11:59');
INSERT INTO "weeks" ("id","business_id","academic_term_id","week_number","start_date","end_date","is_partial","start_dow","public_holidays","pupil_free_days","notes","created_at","updated_at") VALUES (167,1,17,7,'2026-03-16 00:00:00','2026-03-22 00:00:00',0,NULL,NULL,NULL,NULL,'2026-05-07 02:11:59','2026-05-07 02:11:59');
INSERT INTO "weeks" ("id","business_id","academic_term_id","week_number","start_date","end_date","is_partial","start_dow","public_holidays","pupil_free_days","notes","created_at","updated_at") VALUES (168,1,17,8,'2026-03-23 00:00:00','2026-03-29 00:00:00',0,NULL,NULL,NULL,NULL,'2026-05-07 02:11:59','2026-05-07 02:11:59');
INSERT INTO "weeks" ("id","business_id","academic_term_id","week_number","start_date","end_date","is_partial","start_dow","public_holidays","pupil_free_days","notes","created_at","updated_at") VALUES (169,1,17,9,'2026-03-30 00:00:00','2026-04-05 00:00:00',0,NULL,'[{"date":"2026-04-03","name":"Good Friday"},{"date":"2026-04-04","name":"Easter Saturday"},{"date":"2026-04-05","name":"Easter Sunday"}]',NULL,NULL,'2026-05-07 02:11:59','2026-05-07 02:11:59');
INSERT INTO "weeks" ("id","business_id","academic_term_id","week_number","start_date","end_date","is_partial","start_dow","public_holidays","pupil_free_days","notes","created_at","updated_at") VALUES (170,1,17,10,'2026-04-06 00:00:00','2026-04-09 00:00:00',1,1,'[{"date":"2026-04-06","name":"Easter Monday"}]',NULL,NULL,'2026-05-07 02:11:59','2026-05-07 02:11:59');
INSERT INTO "weeks" ("id","business_id","academic_term_id","week_number","start_date","end_date","is_partial","start_dow","public_holidays","pupil_free_days","notes","created_at","updated_at") VALUES (181,1,19,1,'2026-07-21 00:00:00','2026-07-26 00:00:00',1,2,NULL,NULL,NULL,'2026-05-07 02:11:59','2026-05-07 02:11:59');
INSERT INTO "weeks" ("id","business_id","academic_term_id","week_number","start_date","end_date","is_partial","start_dow","public_holidays","pupil_free_days","notes","created_at","updated_at") VALUES (182,1,19,2,'2026-07-27 00:00:00','2026-08-02 00:00:00',0,NULL,NULL,NULL,NULL,'2026-05-07 02:11:59','2026-05-07 02:11:59');
INSERT INTO "weeks" ("id","business_id","academic_term_id","week_number","start_date","end_date","is_partial","start_dow","public_holidays","pupil_free_days","notes","created_at","updated_at") VALUES (183,1,19,3,'2026-08-03 00:00:00','2026-08-09 00:00:00',0,NULL,NULL,NULL,NULL,'2026-05-07 02:11:59','2026-05-07 02:11:59');
INSERT INTO "weeks" ("id","business_id","academic_term_id","week_number","start_date","end_date","is_partial","start_dow","public_holidays","pupil_free_days","notes","created_at","updated_at") VALUES (184,1,19,4,'2026-08-10 00:00:00','2026-08-16 00:00:00',0,NULL,NULL,NULL,NULL,'2026-05-07 02:11:59','2026-05-07 02:11:59');
INSERT INTO "weeks" ("id","business_id","academic_term_id","week_number","start_date","end_date","is_partial","start_dow","public_holidays","pupil_free_days","notes","created_at","updated_at") VALUES (185,1,19,5,'2026-08-17 00:00:00','2026-08-23 00:00:00',0,NULL,NULL,NULL,NULL,'2026-05-07 02:11:59','2026-05-07 02:11:59');
INSERT INTO "weeks" ("id","business_id","academic_term_id","week_number","start_date","end_date","is_partial","start_dow","public_holidays","pupil_free_days","notes","created_at","updated_at") VALUES (186,1,19,6,'2026-08-24 00:00:00','2026-08-30 00:00:00',0,NULL,NULL,NULL,NULL,'2026-05-07 02:11:59','2026-05-07 02:11:59');
INSERT INTO "weeks" ("id","business_id","academic_term_id","week_number","start_date","end_date","is_partial","start_dow","public_holidays","pupil_free_days","notes","created_at","updated_at") VALUES (187,1,19,7,'2026-08-31 00:00:00','2026-09-06 00:00:00',0,NULL,NULL,NULL,NULL,'2026-05-07 02:11:59','2026-05-07 02:11:59');
INSERT INTO "weeks" ("id","business_id","academic_term_id","week_number","start_date","end_date","is_partial","start_dow","public_holidays","pupil_free_days","notes","created_at","updated_at") VALUES (188,1,19,8,'2026-09-07 00:00:00','2026-09-13 00:00:00',0,NULL,NULL,NULL,NULL,'2026-05-07 02:11:59','2026-05-07 02:11:59');
INSERT INTO "weeks" ("id","business_id","academic_term_id","week_number","start_date","end_date","is_partial","start_dow","public_holidays","pupil_free_days","notes","created_at","updated_at") VALUES (189,1,19,9,'2026-09-14 00:00:00','2026-09-20 00:00:00',0,NULL,NULL,NULL,NULL,'2026-05-07 02:11:59','2026-05-07 02:11:59');
INSERT INTO "weeks" ("id","business_id","academic_term_id","week_number","start_date","end_date","is_partial","start_dow","public_holidays","pupil_free_days","notes","created_at","updated_at") VALUES (190,1,19,10,'2026-09-21 00:00:00','2026-09-25 00:00:00',1,1,NULL,NULL,NULL,'2026-05-07 02:11:59','2026-05-07 02:11:59');
INSERT INTO "weeks" ("id","business_id","academic_term_id","week_number","start_date","end_date","is_partial","start_dow","public_holidays","pupil_free_days","notes","created_at","updated_at") VALUES (191,1,20,1,'2026-10-13 00:00:00','2026-10-18 00:00:00',1,2,NULL,NULL,NULL,'2026-05-07 02:11:59','2026-05-07 02:11:59');
INSERT INTO "weeks" ("id","business_id","academic_term_id","week_number","start_date","end_date","is_partial","start_dow","public_holidays","pupil_free_days","notes","created_at","updated_at") VALUES (192,1,20,2,'2026-10-19 00:00:00','2026-10-25 00:00:00',0,NULL,NULL,NULL,NULL,'2026-05-07 02:11:59','2026-05-07 02:11:59');
INSERT INTO "weeks" ("id","business_id","academic_term_id","week_number","start_date","end_date","is_partial","start_dow","public_holidays","pupil_free_days","notes","created_at","updated_at") VALUES (193,1,20,3,'2026-10-26 00:00:00','2026-11-01 00:00:00',0,NULL,NULL,NULL,NULL,'2026-05-07 02:11:59','2026-05-07 02:11:59');
INSERT INTO "weeks" ("id","business_id","academic_term_id","week_number","start_date","end_date","is_partial","start_dow","public_holidays","pupil_free_days","notes","created_at","updated_at") VALUES (194,1,20,4,'2026-11-02 00:00:00','2026-11-08 00:00:00',0,NULL,NULL,NULL,NULL,'2026-05-07 02:11:59','2026-05-07 02:11:59');
INSERT INTO "weeks" ("id","business_id","academic_term_id","week_number","start_date","end_date","is_partial","start_dow","public_holidays","pupil_free_days","notes","created_at","updated_at") VALUES (195,1,20,5,'2026-11-09 00:00:00','2026-11-15 00:00:00',0,NULL,NULL,NULL,NULL,'2026-05-07 02:11:59','2026-05-07 02:11:59');
INSERT INTO "weeks" ("id","business_id","academic_term_id","week_number","start_date","end_date","is_partial","start_dow","public_holidays","pupil_free_days","notes","created_at","updated_at") VALUES (196,1,20,6,'2026-11-16 00:00:00','2026-11-22 00:00:00',0,NULL,NULL,NULL,NULL,'2026-05-07 02:11:59','2026-05-07 02:11:59');
INSERT INTO "weeks" ("id","business_id","academic_term_id","week_number","start_date","end_date","is_partial","start_dow","public_holidays","pupil_free_days","notes","created_at","updated_at") VALUES (197,1,20,7,'2026-11-23 00:00:00','2026-11-29 00:00:00',0,NULL,NULL,NULL,NULL,'2026-05-07 02:11:59','2026-05-07 02:11:59');
INSERT INTO "weeks" ("id","business_id","academic_term_id","week_number","start_date","end_date","is_partial","start_dow","public_holidays","pupil_free_days","notes","created_at","updated_at") VALUES (198,1,20,8,'2026-11-30 00:00:00','2026-12-06 00:00:00',0,NULL,NULL,NULL,NULL,'2026-05-07 02:11:59','2026-05-07 02:11:59');
INSERT INTO "weeks" ("id","business_id","academic_term_id","week_number","start_date","end_date","is_partial","start_dow","public_holidays","pupil_free_days","notes","created_at","updated_at") VALUES (199,1,20,9,'2026-12-07 00:00:00','2026-12-13 00:00:00',0,NULL,NULL,NULL,NULL,'2026-05-07 02:11:59','2026-05-07 02:11:59');
INSERT INTO "weeks" ("id","business_id","academic_term_id","week_number","start_date","end_date","is_partial","start_dow","public_holidays","pupil_free_days","notes","created_at","updated_at") VALUES (200,1,20,10,'2026-12-14 00:00:00','2026-12-18 00:00:00',1,1,NULL,NULL,NULL,'2026-05-07 02:11:59','2026-05-07 02:11:59');
INSERT INTO "weeks" ("id","business_id","academic_term_id","week_number","start_date","end_date","is_partial","start_dow","public_holidays","pupil_free_days","notes","created_at","updated_at") VALUES (241,9,10,1,'2026-05-04 00:00:00','2026-05-10 00:00:00',0,NULL,'[{"date":"2026-05-04","name":"Labour Day (test)"}]',NULL,NULL,'2026-05-08 00:16:08','2026-05-08 00:16:08');
INSERT INTO "weeks" ("id","business_id","academic_term_id","week_number","start_date","end_date","is_partial","start_dow","public_holidays","pupil_free_days","notes","created_at","updated_at") VALUES (242,9,10,2,'2026-05-11 00:00:00','2026-05-17 00:00:00',0,NULL,NULL,'[{"date":"2026-05-11","name":"Staff PD day (test)"}]',NULL,'2026-05-08 00:16:08','2026-05-08 00:16:08');
INSERT INTO "weeks" ("id","business_id","academic_term_id","week_number","start_date","end_date","is_partial","start_dow","public_holidays","pupil_free_days","notes","created_at","updated_at") VALUES (243,9,10,3,'2026-05-18 00:00:00','2026-05-24 00:00:00',0,NULL,NULL,NULL,NULL,'2026-05-08 00:16:08','2026-05-08 00:16:08');
INSERT INTO "weeks" ("id","business_id","academic_term_id","week_number","start_date","end_date","is_partial","start_dow","public_holidays","pupil_free_days","notes","created_at","updated_at") VALUES (244,9,10,4,'2026-05-25 00:00:00','2026-05-31 00:00:00',0,NULL,NULL,NULL,NULL,'2026-05-08 00:16:08','2026-05-08 00:16:08');
INSERT INTO "weeks" ("id","business_id","academic_term_id","week_number","start_date","end_date","is_partial","start_dow","public_holidays","pupil_free_days","notes","created_at","updated_at") VALUES (245,9,10,5,'2026-06-01 00:00:00','2026-06-07 00:00:00',0,NULL,NULL,NULL,NULL,'2026-05-08 00:16:08','2026-05-08 00:16:08');
INSERT INTO "weeks" ("id","business_id","academic_term_id","week_number","start_date","end_date","is_partial","start_dow","public_holidays","pupil_free_days","notes","created_at","updated_at") VALUES (246,9,10,6,'2026-06-08 00:00:00','2026-06-14 00:00:00',0,NULL,NULL,NULL,NULL,'2026-05-08 00:16:08','2026-05-08 00:16:08');
INSERT INTO "weeks" ("id","business_id","academic_term_id","week_number","start_date","end_date","is_partial","start_dow","public_holidays","pupil_free_days","notes","created_at","updated_at") VALUES (247,9,10,7,'2026-06-15 00:00:00','2026-06-21 00:00:00',0,NULL,NULL,NULL,NULL,'2026-05-08 00:16:08','2026-05-08 00:16:08');
INSERT INTO "weeks" ("id","business_id","academic_term_id","week_number","start_date","end_date","is_partial","start_dow","public_holidays","pupil_free_days","notes","created_at","updated_at") VALUES (248,9,10,8,'2026-06-22 00:00:00','2026-06-28 00:00:00',0,NULL,NULL,NULL,NULL,'2026-05-08 00:16:08','2026-05-08 00:16:08');
INSERT INTO "weeks" ("id","business_id","academic_term_id","week_number","start_date","end_date","is_partial","start_dow","public_holidays","pupil_free_days","notes","created_at","updated_at") VALUES (249,9,10,9,'2026-06-29 00:00:00','2026-07-03 00:00:00',1,1,NULL,NULL,NULL,'2026-05-08 00:16:08','2026-05-08 00:16:08');
INSERT INTO "weeks" ("id","business_id","academic_term_id","week_number","start_date","end_date","is_partial","start_dow","public_holidays","pupil_free_days","notes","created_at","updated_at") VALUES (250,1,18,1,'2026-04-27 00:00:00','2026-05-03 00:00:00',0,NULL,NULL,NULL,NULL,'2026-05-08 01:13:23','2026-05-08 01:13:23');
INSERT INTO "weeks" ("id","business_id","academic_term_id","week_number","start_date","end_date","is_partial","start_dow","public_holidays","pupil_free_days","notes","created_at","updated_at") VALUES (251,1,18,2,'2026-05-04 00:00:00','2026-05-10 00:00:00',0,NULL,NULL,NULL,NULL,'2026-05-08 01:13:23','2026-05-08 01:13:23');
INSERT INTO "weeks" ("id","business_id","academic_term_id","week_number","start_date","end_date","is_partial","start_dow","public_holidays","pupil_free_days","notes","created_at","updated_at") VALUES (252,1,18,3,'2026-05-11 00:00:00','2026-05-17 00:00:00',0,NULL,NULL,NULL,NULL,'2026-05-08 01:13:23','2026-05-08 01:13:23');
INSERT INTO "weeks" ("id","business_id","academic_term_id","week_number","start_date","end_date","is_partial","start_dow","public_holidays","pupil_free_days","notes","created_at","updated_at") VALUES (253,1,18,4,'2026-05-18 00:00:00','2026-05-24 00:00:00',0,NULL,NULL,NULL,NULL,'2026-05-08 01:13:23','2026-05-08 01:13:23');
INSERT INTO "weeks" ("id","business_id","academic_term_id","week_number","start_date","end_date","is_partial","start_dow","public_holidays","pupil_free_days","notes","created_at","updated_at") VALUES (254,1,18,5,'2026-05-25 00:00:00','2026-05-31 00:00:00',0,NULL,NULL,NULL,NULL,'2026-05-08 01:13:23','2026-05-08 01:13:23');
INSERT INTO "weeks" ("id","business_id","academic_term_id","week_number","start_date","end_date","is_partial","start_dow","public_holidays","pupil_free_days","notes","created_at","updated_at") VALUES (255,1,18,6,'2026-06-01 00:00:00','2026-06-07 00:00:00',0,NULL,NULL,NULL,NULL,'2026-05-08 01:13:23','2026-05-08 01:13:23');
INSERT INTO "weeks" ("id","business_id","academic_term_id","week_number","start_date","end_date","is_partial","start_dow","public_holidays","pupil_free_days","notes","created_at","updated_at") VALUES (256,1,18,7,'2026-06-08 00:00:00','2026-06-14 00:00:00',0,NULL,NULL,NULL,NULL,'2026-05-08 01:13:23','2026-05-08 01:13:23');
INSERT INTO "weeks" ("id","business_id","academic_term_id","week_number","start_date","end_date","is_partial","start_dow","public_holidays","pupil_free_days","notes","created_at","updated_at") VALUES (257,1,18,8,'2026-06-15 00:00:00','2026-06-21 00:00:00',0,NULL,NULL,NULL,NULL,'2026-05-08 01:13:23','2026-05-08 01:13:23');
INSERT INTO "weeks" ("id","business_id","academic_term_id","week_number","start_date","end_date","is_partial","start_dow","public_holidays","pupil_free_days","notes","created_at","updated_at") VALUES (258,1,18,9,'2026-06-22 00:00:00','2026-06-28 00:00:00',0,NULL,NULL,NULL,NULL,'2026-05-08 01:13:23','2026-05-08 01:13:23');
INSERT INTO "weeks" ("id","business_id","academic_term_id","week_number","start_date","end_date","is_partial","start_dow","public_holidays","pupil_free_days","notes","created_at","updated_at") VALUES (259,1,18,10,'2026-06-29 00:00:00','2026-07-03 00:00:00',1,1,NULL,NULL,NULL,'2026-05-08 01:13:23','2026-05-08 01:13:23');

-- year_groups (104 rows)
INSERT INTO "year_groups" ("id","state_code","order","label","code","created_at","updated_at") VALUES (1,'NSW',0,'Kindergarten','K','2026-05-05 02:59:53','2026-05-05 02:59:53');
INSERT INTO "year_groups" ("id","state_code","order","label","code","created_at","updated_at") VALUES (2,'NSW',1,'Year 1','Y1','2026-05-05 02:59:53','2026-05-05 02:59:53');
INSERT INTO "year_groups" ("id","state_code","order","label","code","created_at","updated_at") VALUES (3,'NSW',2,'Year 2','Y2','2026-05-05 02:59:53','2026-05-05 02:59:53');
INSERT INTO "year_groups" ("id","state_code","order","label","code","created_at","updated_at") VALUES (4,'NSW',3,'Year 3','Y3','2026-05-05 02:59:53','2026-05-05 02:59:53');
INSERT INTO "year_groups" ("id","state_code","order","label","code","created_at","updated_at") VALUES (5,'NSW',4,'Year 4','Y4','2026-05-05 02:59:53','2026-05-05 02:59:53');
INSERT INTO "year_groups" ("id","state_code","order","label","code","created_at","updated_at") VALUES (6,'NSW',5,'Year 5','Y5','2026-05-05 02:59:53','2026-05-05 02:59:53');
INSERT INTO "year_groups" ("id","state_code","order","label","code","created_at","updated_at") VALUES (7,'NSW',6,'Year 6','Y6','2026-05-05 02:59:53','2026-05-05 02:59:53');
INSERT INTO "year_groups" ("id","state_code","order","label","code","created_at","updated_at") VALUES (8,'NSW',7,'Year 7','Y7','2026-05-05 02:59:53','2026-05-05 02:59:53');
INSERT INTO "year_groups" ("id","state_code","order","label","code","created_at","updated_at") VALUES (9,'NSW',8,'Year 8','Y8','2026-05-05 02:59:53','2026-05-05 02:59:53');
INSERT INTO "year_groups" ("id","state_code","order","label","code","created_at","updated_at") VALUES (10,'NSW',9,'Year 9','Y9','2026-05-05 02:59:53','2026-05-05 02:59:53');
INSERT INTO "year_groups" ("id","state_code","order","label","code","created_at","updated_at") VALUES (11,'NSW',10,'Year 10','Y10','2026-05-05 02:59:53','2026-05-05 02:59:53');
INSERT INTO "year_groups" ("id","state_code","order","label","code","created_at","updated_at") VALUES (12,'NSW',11,'Year 11','Y11','2026-05-05 02:59:54','2026-05-05 02:59:54');
INSERT INTO "year_groups" ("id","state_code","order","label","code","created_at","updated_at") VALUES (13,'NSW',12,'Year 12','Y12','2026-05-05 02:59:54','2026-05-05 02:59:54');
INSERT INTO "year_groups" ("id","state_code","order","label","code","created_at","updated_at") VALUES (14,'VIC',0,'Prep','P','2026-05-05 02:59:54','2026-05-05 02:59:54');
INSERT INTO "year_groups" ("id","state_code","order","label","code","created_at","updated_at") VALUES (15,'VIC',1,'Year 1','Y1','2026-05-05 02:59:54','2026-05-05 02:59:54');
INSERT INTO "year_groups" ("id","state_code","order","label","code","created_at","updated_at") VALUES (16,'VIC',2,'Year 2','Y2','2026-05-05 02:59:54','2026-05-05 02:59:54');
INSERT INTO "year_groups" ("id","state_code","order","label","code","created_at","updated_at") VALUES (17,'VIC',3,'Year 3','Y3','2026-05-05 02:59:54','2026-05-05 02:59:54');
INSERT INTO "year_groups" ("id","state_code","order","label","code","created_at","updated_at") VALUES (18,'VIC',4,'Year 4','Y4','2026-05-05 02:59:54','2026-05-05 02:59:54');
INSERT INTO "year_groups" ("id","state_code","order","label","code","created_at","updated_at") VALUES (19,'VIC',5,'Year 5','Y5','2026-05-05 02:59:54','2026-05-05 02:59:54');
INSERT INTO "year_groups" ("id","state_code","order","label","code","created_at","updated_at") VALUES (20,'VIC',6,'Year 6','Y6','2026-05-05 02:59:54','2026-05-05 02:59:54');
INSERT INTO "year_groups" ("id","state_code","order","label","code","created_at","updated_at") VALUES (21,'VIC',7,'Year 7','Y7','2026-05-05 02:59:54','2026-05-05 02:59:54');
INSERT INTO "year_groups" ("id","state_code","order","label","code","created_at","updated_at") VALUES (22,'VIC',8,'Year 8','Y8','2026-05-05 02:59:54','2026-05-05 02:59:54');
INSERT INTO "year_groups" ("id","state_code","order","label","code","created_at","updated_at") VALUES (23,'VIC',9,'Year 9','Y9','2026-05-05 02:59:54','2026-05-05 02:59:54');
INSERT INTO "year_groups" ("id","state_code","order","label","code","created_at","updated_at") VALUES (24,'VIC',10,'Year 10','Y10','2026-05-05 02:59:54','2026-05-05 02:59:54');
INSERT INTO "year_groups" ("id","state_code","order","label","code","created_at","updated_at") VALUES (25,'VIC',11,'Year 11','Y11','2026-05-05 02:59:54','2026-05-05 02:59:54');
INSERT INTO "year_groups" ("id","state_code","order","label","code","created_at","updated_at") VALUES (26,'VIC',12,'Year 12','Y12','2026-05-05 02:59:54','2026-05-05 02:59:54');
INSERT INTO "year_groups" ("id","state_code","order","label","code","created_at","updated_at") VALUES (27,'QLD',0,'Prep','P','2026-05-05 02:59:54','2026-05-05 02:59:54');
INSERT INTO "year_groups" ("id","state_code","order","label","code","created_at","updated_at") VALUES (28,'QLD',1,'Year 1','Y1','2026-05-05 02:59:54','2026-05-05 02:59:54');
INSERT INTO "year_groups" ("id","state_code","order","label","code","created_at","updated_at") VALUES (29,'QLD',2,'Year 2','Y2','2026-05-05 02:59:54','2026-05-05 02:59:54');
INSERT INTO "year_groups" ("id","state_code","order","label","code","created_at","updated_at") VALUES (30,'QLD',3,'Year 3','Y3','2026-05-05 02:59:54','2026-05-05 02:59:54');
INSERT INTO "year_groups" ("id","state_code","order","label","code","created_at","updated_at") VALUES (31,'QLD',4,'Year 4','Y4','2026-05-05 02:59:54','2026-05-05 02:59:54');
INSERT INTO "year_groups" ("id","state_code","order","label","code","created_at","updated_at") VALUES (32,'QLD',5,'Year 5','Y5','2026-05-05 02:59:54','2026-05-05 02:59:54');
INSERT INTO "year_groups" ("id","state_code","order","label","code","created_at","updated_at") VALUES (33,'QLD',6,'Year 6','Y6','2026-05-05 02:59:54','2026-05-05 02:59:54');
INSERT INTO "year_groups" ("id","state_code","order","label","code","created_at","updated_at") VALUES (34,'QLD',7,'Year 7','Y7','2026-05-05 02:59:54','2026-05-05 02:59:54');
INSERT INTO "year_groups" ("id","state_code","order","label","code","created_at","updated_at") VALUES (35,'QLD',8,'Year 8','Y8','2026-05-05 02:59:54','2026-05-05 02:59:54');
INSERT INTO "year_groups" ("id","state_code","order","label","code","created_at","updated_at") VALUES (36,'QLD',9,'Year 9','Y9','2026-05-05 02:59:54','2026-05-05 02:59:54');
INSERT INTO "year_groups" ("id","state_code","order","label","code","created_at","updated_at") VALUES (37,'QLD',10,'Year 10','Y10','2026-05-05 02:59:54','2026-05-05 02:59:54');
INSERT INTO "year_groups" ("id","state_code","order","label","code","created_at","updated_at") VALUES (38,'QLD',11,'Year 11','Y11','2026-05-05 02:59:54','2026-05-05 02:59:54');
INSERT INTO "year_groups" ("id","state_code","order","label","code","created_at","updated_at") VALUES (39,'QLD',12,'Year 12','Y12','2026-05-05 02:59:54','2026-05-05 02:59:54');
INSERT INTO "year_groups" ("id","state_code","order","label","code","created_at","updated_at") VALUES (40,'WA',0,'Pre-primary','PP','2026-05-05 02:59:54','2026-05-05 02:59:54');
INSERT INTO "year_groups" ("id","state_code","order","label","code","created_at","updated_at") VALUES (41,'WA',1,'Year 1','Y1','2026-05-05 02:59:54','2026-05-05 02:59:54');
INSERT INTO "year_groups" ("id","state_code","order","label","code","created_at","updated_at") VALUES (42,'WA',2,'Year 2','Y2','2026-05-05 02:59:54','2026-05-05 02:59:54');
INSERT INTO "year_groups" ("id","state_code","order","label","code","created_at","updated_at") VALUES (43,'WA',3,'Year 3','Y3','2026-05-05 02:59:54','2026-05-05 02:59:54');
INSERT INTO "year_groups" ("id","state_code","order","label","code","created_at","updated_at") VALUES (44,'WA',4,'Year 4','Y4','2026-05-05 02:59:54','2026-05-05 02:59:54');
INSERT INTO "year_groups" ("id","state_code","order","label","code","created_at","updated_at") VALUES (45,'WA',5,'Year 5','Y5','2026-05-05 02:59:54','2026-05-05 02:59:54');
INSERT INTO "year_groups" ("id","state_code","order","label","code","created_at","updated_at") VALUES (46,'WA',6,'Year 6','Y6','2026-05-05 02:59:54','2026-05-05 02:59:54');
INSERT INTO "year_groups" ("id","state_code","order","label","code","created_at","updated_at") VALUES (47,'WA',7,'Year 7','Y7','2026-05-05 02:59:54','2026-05-05 02:59:54');
INSERT INTO "year_groups" ("id","state_code","order","label","code","created_at","updated_at") VALUES (48,'WA',8,'Year 8','Y8','2026-05-05 02:59:54','2026-05-05 02:59:54');
INSERT INTO "year_groups" ("id","state_code","order","label","code","created_at","updated_at") VALUES (49,'WA',9,'Year 9','Y9','2026-05-05 02:59:54','2026-05-05 02:59:54');
INSERT INTO "year_groups" ("id","state_code","order","label","code","created_at","updated_at") VALUES (50,'WA',10,'Year 10','Y10','2026-05-05 02:59:54','2026-05-05 02:59:54');
INSERT INTO "year_groups" ("id","state_code","order","label","code","created_at","updated_at") VALUES (51,'WA',11,'Year 11','Y11','2026-05-05 02:59:54','2026-05-05 02:59:54');
INSERT INTO "year_groups" ("id","state_code","order","label","code","created_at","updated_at") VALUES (52,'WA',12,'Year 12','Y12','2026-05-05 02:59:54','2026-05-05 02:59:54');
INSERT INTO "year_groups" ("id","state_code","order","label","code","created_at","updated_at") VALUES (53,'SA',0,'Reception','R','2026-05-05 02:59:54','2026-05-05 02:59:54');
INSERT INTO "year_groups" ("id","state_code","order","label","code","created_at","updated_at") VALUES (54,'SA',1,'Year 1','Y1','2026-05-05 02:59:54','2026-05-05 02:59:54');
INSERT INTO "year_groups" ("id","state_code","order","label","code","created_at","updated_at") VALUES (55,'SA',2,'Year 2','Y2','2026-05-05 02:59:54','2026-05-05 02:59:54');
INSERT INTO "year_groups" ("id","state_code","order","label","code","created_at","updated_at") VALUES (56,'SA',3,'Year 3','Y3','2026-05-05 02:59:54','2026-05-05 02:59:54');
INSERT INTO "year_groups" ("id","state_code","order","label","code","created_at","updated_at") VALUES (57,'SA',4,'Year 4','Y4','2026-05-05 02:59:54','2026-05-05 02:59:54');
INSERT INTO "year_groups" ("id","state_code","order","label","code","created_at","updated_at") VALUES (58,'SA',5,'Year 5','Y5','2026-05-05 02:59:54','2026-05-05 02:59:54');
INSERT INTO "year_groups" ("id","state_code","order","label","code","created_at","updated_at") VALUES (59,'SA',6,'Year 6','Y6','2026-05-05 02:59:54','2026-05-05 02:59:54');
INSERT INTO "year_groups" ("id","state_code","order","label","code","created_at","updated_at") VALUES (60,'SA',7,'Year 7','Y7','2026-05-05 02:59:54','2026-05-05 02:59:54');
INSERT INTO "year_groups" ("id","state_code","order","label","code","created_at","updated_at") VALUES (61,'SA',8,'Year 8','Y8','2026-05-05 02:59:54','2026-05-05 02:59:54');
INSERT INTO "year_groups" ("id","state_code","order","label","code","created_at","updated_at") VALUES (62,'SA',9,'Year 9','Y9','2026-05-05 02:59:54','2026-05-05 02:59:54');
INSERT INTO "year_groups" ("id","state_code","order","label","code","created_at","updated_at") VALUES (63,'SA',10,'Year 10','Y10','2026-05-05 02:59:54','2026-05-05 02:59:54');
INSERT INTO "year_groups" ("id","state_code","order","label","code","created_at","updated_at") VALUES (64,'SA',11,'Year 11','Y11','2026-05-05 02:59:54','2026-05-05 02:59:54');
INSERT INTO "year_groups" ("id","state_code","order","label","code","created_at","updated_at") VALUES (65,'SA',12,'Year 12','Y12','2026-05-05 02:59:54','2026-05-05 02:59:54');
INSERT INTO "year_groups" ("id","state_code","order","label","code","created_at","updated_at") VALUES (66,'TAS',0,'Prep','P','2026-05-05 02:59:54','2026-05-05 02:59:54');
INSERT INTO "year_groups" ("id","state_code","order","label","code","created_at","updated_at") VALUES (67,'TAS',1,'Year 1','Y1','2026-05-05 02:59:54','2026-05-05 02:59:54');
INSERT INTO "year_groups" ("id","state_code","order","label","code","created_at","updated_at") VALUES (68,'TAS',2,'Year 2','Y2','2026-05-05 02:59:54','2026-05-05 02:59:54');
INSERT INTO "year_groups" ("id","state_code","order","label","code","created_at","updated_at") VALUES (69,'TAS',3,'Year 3','Y3','2026-05-05 02:59:54','2026-05-05 02:59:54');
INSERT INTO "year_groups" ("id","state_code","order","label","code","created_at","updated_at") VALUES (70,'TAS',4,'Year 4','Y4','2026-05-05 02:59:54','2026-05-05 02:59:54');
INSERT INTO "year_groups" ("id","state_code","order","label","code","created_at","updated_at") VALUES (71,'TAS',5,'Year 5','Y5','2026-05-05 02:59:54','2026-05-05 02:59:54');
INSERT INTO "year_groups" ("id","state_code","order","label","code","created_at","updated_at") VALUES (72,'TAS',6,'Year 6','Y6','2026-05-05 02:59:54','2026-05-05 02:59:54');
INSERT INTO "year_groups" ("id","state_code","order","label","code","created_at","updated_at") VALUES (73,'TAS',7,'Year 7','Y7','2026-05-05 02:59:54','2026-05-05 02:59:54');
INSERT INTO "year_groups" ("id","state_code","order","label","code","created_at","updated_at") VALUES (74,'TAS',8,'Year 8','Y8','2026-05-05 02:59:54','2026-05-05 02:59:54');
INSERT INTO "year_groups" ("id","state_code","order","label","code","created_at","updated_at") VALUES (75,'TAS',9,'Year 9','Y9','2026-05-05 02:59:54','2026-05-05 02:59:54');
INSERT INTO "year_groups" ("id","state_code","order","label","code","created_at","updated_at") VALUES (76,'TAS',10,'Year 10','Y10','2026-05-05 02:59:54','2026-05-05 02:59:54');
INSERT INTO "year_groups" ("id","state_code","order","label","code","created_at","updated_at") VALUES (77,'TAS',11,'Year 11','Y11','2026-05-05 02:59:54','2026-05-05 02:59:54');
INSERT INTO "year_groups" ("id","state_code","order","label","code","created_at","updated_at") VALUES (78,'TAS',12,'Year 12','Y12','2026-05-05 02:59:54','2026-05-05 02:59:54');
INSERT INTO "year_groups" ("id","state_code","order","label","code","created_at","updated_at") VALUES (79,'ACT',0,'Kindergarten','K','2026-05-05 02:59:54','2026-05-05 02:59:54');
INSERT INTO "year_groups" ("id","state_code","order","label","code","created_at","updated_at") VALUES (80,'ACT',1,'Year 1','Y1','2026-05-05 02:59:54','2026-05-05 02:59:54');
INSERT INTO "year_groups" ("id","state_code","order","label","code","created_at","updated_at") VALUES (81,'ACT',2,'Year 2','Y2','2026-05-05 02:59:54','2026-05-05 02:59:54');
INSERT INTO "year_groups" ("id","state_code","order","label","code","created_at","updated_at") VALUES (82,'ACT',3,'Year 3','Y3','2026-05-05 02:59:54','2026-05-05 02:59:54');
INSERT INTO "year_groups" ("id","state_code","order","label","code","created_at","updated_at") VALUES (83,'ACT',4,'Year 4','Y4','2026-05-05 02:59:54','2026-05-05 02:59:54');
INSERT INTO "year_groups" ("id","state_code","order","label","code","created_at","updated_at") VALUES (84,'ACT',5,'Year 5','Y5','2026-05-05 02:59:54','2026-05-05 02:59:54');
INSERT INTO "year_groups" ("id","state_code","order","label","code","created_at","updated_at") VALUES (85,'ACT',6,'Year 6','Y6','2026-05-05 02:59:54','2026-05-05 02:59:54');
INSERT INTO "year_groups" ("id","state_code","order","label","code","created_at","updated_at") VALUES (86,'ACT',7,'Year 7','Y7','2026-05-05 02:59:54','2026-05-05 02:59:54');
INSERT INTO "year_groups" ("id","state_code","order","label","code","created_at","updated_at") VALUES (87,'ACT',8,'Year 8','Y8','2026-05-05 02:59:54','2026-05-05 02:59:54');
INSERT INTO "year_groups" ("id","state_code","order","label","code","created_at","updated_at") VALUES (88,'ACT',9,'Year 9','Y9','2026-05-05 02:59:54','2026-05-05 02:59:54');
INSERT INTO "year_groups" ("id","state_code","order","label","code","created_at","updated_at") VALUES (89,'ACT',10,'Year 10','Y10','2026-05-05 02:59:54','2026-05-05 02:59:54');
INSERT INTO "year_groups" ("id","state_code","order","label","code","created_at","updated_at") VALUES (90,'ACT',11,'Year 11','Y11','2026-05-05 02:59:54','2026-05-05 02:59:54');
INSERT INTO "year_groups" ("id","state_code","order","label","code","created_at","updated_at") VALUES (91,'ACT',12,'Year 12','Y12','2026-05-05 02:59:54','2026-05-05 02:59:54');
INSERT INTO "year_groups" ("id","state_code","order","label","code","created_at","updated_at") VALUES (92,'NT',0,'Transition','T','2026-05-05 02:59:54','2026-05-05 02:59:54');
INSERT INTO "year_groups" ("id","state_code","order","label","code","created_at","updated_at") VALUES (93,'NT',1,'Year 1','Y1','2026-05-05 02:59:54','2026-05-05 02:59:54');
INSERT INTO "year_groups" ("id","state_code","order","label","code","created_at","updated_at") VALUES (94,'NT',2,'Year 2','Y2','2026-05-05 02:59:54','2026-05-05 02:59:54');
INSERT INTO "year_groups" ("id","state_code","order","label","code","created_at","updated_at") VALUES (95,'NT',3,'Year 3','Y3','2026-05-05 02:59:54','2026-05-05 02:59:54');
INSERT INTO "year_groups" ("id","state_code","order","label","code","created_at","updated_at") VALUES (96,'NT',4,'Year 4','Y4','2026-05-05 02:59:54','2026-05-05 02:59:54');
INSERT INTO "year_groups" ("id","state_code","order","label","code","created_at","updated_at") VALUES (97,'NT',5,'Year 5','Y5','2026-05-05 02:59:54','2026-05-05 02:59:54');
INSERT INTO "year_groups" ("id","state_code","order","label","code","created_at","updated_at") VALUES (98,'NT',6,'Year 6','Y6','2026-05-05 02:59:54','2026-05-05 02:59:54');
INSERT INTO "year_groups" ("id","state_code","order","label","code","created_at","updated_at") VALUES (99,'NT',7,'Year 7','Y7','2026-05-05 02:59:54','2026-05-05 02:59:54');
INSERT INTO "year_groups" ("id","state_code","order","label","code","created_at","updated_at") VALUES (100,'NT',8,'Year 8','Y8','2026-05-05 02:59:54','2026-05-05 02:59:54');
INSERT INTO "year_groups" ("id","state_code","order","label","code","created_at","updated_at") VALUES (101,'NT',9,'Year 9','Y9','2026-05-05 02:59:54','2026-05-05 02:59:54');
INSERT INTO "year_groups" ("id","state_code","order","label","code","created_at","updated_at") VALUES (102,'NT',10,'Year 10','Y10','2026-05-05 02:59:54','2026-05-05 02:59:54');
INSERT INTO "year_groups" ("id","state_code","order","label","code","created_at","updated_at") VALUES (103,'NT',11,'Year 11','Y11','2026-05-05 02:59:54','2026-05-05 02:59:54');
INSERT INTO "year_groups" ("id","state_code","order","label","code","created_at","updated_at") VALUES (104,'NT',12,'Year 12','Y12','2026-05-05 02:59:54','2026-05-05 02:59:54');

COMMIT;
PRAGMA foreign_keys=ON;
